case_id,recording_id,channel_count,reviewed_channel_count,median_channel_rms_uv,maximum_channel_rms_uv,maximum_flatline_fraction,maximum_line_noise_ratio,maximum_high_frequency_ratio,reviewed_channel_fraction,recording_needs_review
chb01,chb01_01,23,22,24.7241270783272,102.84266501153495,0.0,0.9967633777669568,0.22587928842865582,0.9565217391304348,True
chb01,chb01_02,23,23,24.096953317504838,149.8785350624437,0.0,0.998968006062796,0.26138493663460943,1.0,True
chb01,chb01_03,23,23,34.33464943926397,131.90163369486484,0.0,0.9988823805621082,0.16756721265290078,1.0,True
chb01,chb01_04,23,23,29.830726339258064,148.66243412709406,0.0,0.9989378262487657,0.18047279744614,1.0,True
chb01,chb01_05,23,23,24.87935647017138,129.7040585658057,0.0,0.9983608336924874,0.22783347668604406,1.0,True
chb01,chb01_06,23,22,25.100519020266372,136.09355225115013,0.03509114583333333,0.998362501265652,0.2378453246127855,0.9565217391304348,True
chb01,chb01_07,23,22,24.50845086902659,130.4295331688048,0.0,0.9979495691582161,0.24023700599287354,0.9565217391304348,True
chb01,chb01_08,23,23,22.36173538383299,116.00391766619458,0.0,0.9994247718313274,0.5417072636741681,1.0,True
chb01,chb01_09,23,23,26.337467742673603,133.99260894083443,0.0,0.9995251718947996,0.607193320207276,1.0,True
chb01,chb01_10,23,23,23.948233716767383,149.22540153747357,0.0,0.999831046285365,0.7862670568772548,1.0,True
chb01,chb01_11,23,23,23.61356854895028,94.01657918659818,0.0,0.9998850975823116,0.8497706131763351,1.0,True
chb01,chb01_12,23,23,25.993091359283227,135.87607807036366,0.0,0.9999167642234141,0.840378357148265,1.0,True
chb01,chb01_13,23,22,23.32785245651294,97.52084973720397,0.0,0.9999333516817539,0.7693582362654595,0.9565217391304348,True
chb01,chb01_14,23,23,32.671916151825826,104.16569628074413,0.0,0.9999505018796063,0.7946008309783035,1.0,True
chb01,chb01_15,23,23,56.53057132631017,159.80246211372446,0.0,0.9998479036378498,0.4497751989075576,1.0,True
chb01,chb01_16,23,23,48.98708080348216,155.29569902119977,0.0,0.9998403481426864,0.44768646464802747,1.0,True
chb01,chb01_17,23,23,57.94246413331446,104.87089884157325,0.0,0.9998265113550286,0.4689425344168392,1.0,True
chb01,chb01_18,23,23,26.248539341156935,182.37519714580873,0.0,0.9998799657565852,0.5818630660011282,1.0,True
chb01,chb01_19,23,23,33.20104356995226,107.17458553618634,0.018489583333333334,0.9999470250032607,0.7664029860442407,1.0,True
chb01,chb01_20,23,23,25.815078388054488,235.88319862726948,0.023763020833333332,0.9999494708810793,0.7571363045230007,1.0,True
chb01,chb01_21,23,23,33.14998433002775,163.76640211973879,0.02421875,0.9997559087111187,0.30533796995956924,1.0,True
chb01,chb01_22,23,22,30.867868259891974,131.437988061255,0.0,0.9993823294341166,0.3084926587464159,0.9565217391304348,True
chb01,chb01_23,23,23,36.459794149489326,114.03429718174907,0.0,0.9997083456520068,0.3188714761690939,1.0,True
chb01,chb01_24,23,23,26.940833930111616,176.89276557641563,0.0,0.9994137217845142,0.2889544842490986,1.0,True
chb01,chb01_25,23,22,32.72292593424703,193.07632216290995,0.07766927083333333,0.9990323711303581,0.3051460052763653,0.9565217391304348,True
chb01,chb01_26,23,23,38.14240268307058,161.29785912540854,0.026888020833333335,0.9997217470134393,0.09988291981259377,1.0,True
chb01,chb01_27,23,23,33.32626241393791,369.7885215949182,0.0,0.9996455304562063,0.9230615621666364,1.0,True
chb01,chb01_29,23,23,36.3991906760308,370.65613705073224,0.10670572916666667,0.999915583831495,0.8482394604362814,1.0,True
chb01,chb01_30,23,23,31.98446099591645,119.24356019442843,0.0,0.9999374740888044,0.7464557235271688,1.0,True
chb01,chb01_31,23,23,34.51899509967161,146.64859550782825,0.0509765625,0.9999472177903623,0.7633457038607213,1.0,True
chb01,chb01_32,23,23,47.42417796002093,248.2324746913678,0.0,0.9999246427454845,0.6745738491949053,1.0,True
chb01,chb01_33,23,23,37.94533679488515,119.15028957149963,0.0,0.9999485387729361,0.8215145472877187,1.0,True
chb01,chb01_34,23,23,43.506999102295524,243.35205036389812,0.01875,0.9999501690550122,0.8207785466036368,1.0,True
chb01,chb01_36,23,23,39.97779204131983,101.64654699497164,0.0,0.9999494821598406,0.6967055190843157,1.0,True
chb01,chb01_37,23,23,32.11216757953715,130.81006762480627,0.041731770833333334,0.999965136114911,0.7865937639738252,1.0,True
chb01,chb01_38,23,23,54.055276217812334,99.00390371808002,0.0220703125,0.9999639351848553,0.7832902736720195,1.0,True
chb01,chb01_39,23,23,23.780261511437068,110.88621050902056,0.11217447916666666,0.9999696565202032,0.8302611205861214,1.0,True
chb01,chb01_40,23,23,25.676676511284686,151.91786749841364,0.09720052083333333,0.9999727679084147,0.8770649056471821,1.0,True
chb01,chb01_41,23,23,29.94995622938157,128.00101324188992,0.0447265625,0.9999702714672438,0.9582118477701146,1.0,True
chb01,chb01_42,23,23,35.516567118365906,281.35392209627184,0.33717447916666665,0.9999696839142185,0.951705630177233,1.0,True
chb01,chb01_43,23,23,28.651820641922587,94.17275909046755,0.027473958333333333,0.9999680684543273,0.7703079468588578,1.0,True
chb01,chb01_46,23,23,32.07057097168693,146.79662132761803,0.0,0.9999507342260663,0.9257224157832559,1.0,True
chb02,chb02_01,23,13,35.957703904748705,213.12802335923507,0.0,0.953026286916366,0.36107631469892737,0.5652173913043478,True
chb02,chb02_02,23,15,28.682761798109343,63.45823603421461,0.0,0.9617422636829179,0.26343194917639945,0.6521739130434783,True
chb02,chb02_03,23,12,54.33536599958828,158.98140623964457,0.0,0.9641369226030577,0.3627250637560158,0.5217391304347826,True
chb02,chb02_04,23,13,29.50472810960003,154.5088169877136,0.0,0.9765071696964296,0.3806624991760706,0.5652173913043478,True
chb02,chb02_05,23,14,38.473838270595024,97.60577585644342,0.0,0.9527118105433143,0.3039127152441791,0.6086956521739131,True
chb02,chb02_06,23,14,44.431033342788375,158.2707379112745,0.0,0.9537484821840907,0.3290775811449349,0.6086956521739131,True
chb02,chb02_07,23,14,44.53048757588696,124.01428769810197,0.0,0.9820977769749544,0.29400958460249527,0.6086956521739131,True
chb02,chb02_08,23,13,45.735108814008164,182.68497776374778,0.0,0.9943376287776,0.28448715776961614,0.5652173913043478,True
chb02,chb02_09,23,23,40.59235855403446,131.14146259651744,0.0,0.9984690673692469,0.202471388936497,1.0,True
chb02,chb02_10,23,23,29.695485983442104,117.91500953781738,0.0,0.9983413494559288,0.24032172897342827,1.0,True
chb02,chb02_11,23,23,26.64178124008704,115.31918786384753,0.0,0.9983483282537957,0.30712109418715555,1.0,True
chb02,chb02_12,23,23,21.3522057964785,92.00995659211908,0.0,0.9989779884397195,0.34648349719747057,1.0,True
chb02,chb02_13,23,23,30.25665297002856,161.47147353235349,0.0,0.9989173992214272,0.3265601663518358,1.0,True
chb02,chb02_14,23,23,22.571764356660317,130.40003518025472,0.0,0.9990643843812308,0.32020273052257225,1.0,True
chb02,chb02_15,23,14,50.15017334006373,327.9446456918409,0.056640625,0.995692568216408,0.30341297811495604,0.6086956521739131,True
chb02,chb02_16,23,22,58.86927195834251,504.0733742324269,0.0294921875,0.9968399892259729,0.20120152886849554,0.9565217391304348,True
chb02,chb02_16+,23,23,105.16972801219168,574.8915401122327,0.0970703125,0.9998155243678462,0.9477428361917183,1.0,True
chb02,chb02_17,23,22,51.98969850205175,310.7893887247283,0.020572916666666666,0.9996392129979204,0.2624171068231955,0.9565217391304348,True
chb02,chb02_18,23,14,33.96935228757194,154.55453352075082,0.0,0.9902416202820077,0.31374334710517965,0.6086956521739131,True
chb02,chb02_19,23,11,34.86414632821965,291.91081774991216,0.0,0.9900258221652759,0.31469688841662063,0.4782608695652174,True
chb02,chb02_20,23,13,54.66641311510306,411.67063888661136,0.021744791666666666,0.9957592115295074,0.37015590422093986,0.5652173913043478,True
chb02,chb02_21,23,15,41.937191489414154,286.7053025785719,0.03561197916666667,0.9946491765349823,0.30742642380996527,0.6521739130434783,True
chb02,chb02_22,23,14,48.83344758272823,412.20369827850567,0.044921875,0.9944447430324225,0.2657549219284474,0.6086956521739131,True
chb02,chb02_23,23,18,60.18236282139272,315.5484680561671,0.019986979166666665,0.9856816248915679,0.554458604293731,0.782608695652174,True
chb02,chb02_24,23,20,46.012784436583615,312.7904305808559,0.04010416666666667,0.987177088740891,0.5659149851705111,0.8695652173913043,True
chb02,chb02_25,23,23,29.727123322132886,213.4675493474691,0.028580729166666666,0.9959269093345251,0.6537824822521687,1.0,True
chb02,chb02_26,23,23,49.110037504697864,274.37257153069544,0.0431640625,0.9982701414644266,0.5873745693957533,1.0,True
chb02,chb02_27,23,23,42.103008127996674,288.50708629942443,0.04296875,0.999590162671212,0.6113231380386179,1.0,True
chb02,chb02_28,23,23,54.41006358593499,88.15341543070882,0.0,0.9996861642322169,0.7540293788691771,1.0,True
chb02,chb02_29,23,23,34.66604476531312,106.62418051959571,0.0,0.9996371399264536,0.6901697861759178,1.0,True
chb02,chb02_30,23,23,27.953929441141227,103.71834066082808,0.0,0.9996254435501318,0.7662722756745852,1.0,True
chb02,chb02_31,23,23,25.90956986833018,113.82073993654654,0.0,0.9997021515072332,0.7744760550939784,1.0,True
chb02,chb02_32,23,23,28.44016410830465,115.73111434606157,0.022721354166666666,0.9996856305221057,0.7632112765499476,1.0,True
chb02,chb02_33,23,23,25.45692370867752,105.69088459655545,0.0,0.9996688791923377,0.735103685959971,1.0,True
chb02,chb02_34,23,23,30.135883915046108,159.83397180387098,0.020247395833333334,0.9995881409158276,0.7862577144656607,1.0,True
chb02,chb02_35,23,23,44.10490980517753,223.12142461158606,0.0689453125,0.9995095374319175,0.7163017772623103,1.0,True
chb03,chb03_01,23,23,24.748482962190522,219.38688250261993,0.15169270833333334,0.9903084532396604,0.2865550032078187,1.0,True
chb03,chb03_02,23,23,31.723644180158846,196.1993424590446,0.0,0.9926218236413539,0.4701193827335816,1.0,True
chb03,chb03_03,23,14,24.553508180210414,293.32085497485537,0.0,0.964727875710468,0.45221758314184696,0.6086956521739131,True
chb03,chb03_04,23,22,15.909268134983009,143.78994844610284,0.0,0.9913716351021498,0.2635582217938262,0.9565217391304348,True
chb03,chb03_05,23,22,15.338946989009273,98.78826276052716,0.0,0.9912001706458402,0.19915007833434878,0.9565217391304348,True
chb03,chb03_06,23,21,30.17323584562132,49.285770574045124,0.0,0.9924674911246716,0.16460125563510422,0.9130434782608695,True
chb03,chb03_07,23,19,13.858766491129487,92.1429047246522,0.0,0.9919453785700894,0.24920332947887658,0.8260869565217391,True
chb03,chb03_08,23,23,16.81751811610348,49.990986240535314,0.0,0.9918936279700786,0.18681432704737663,1.0,True
chb03,chb03_09,23,23,11.899332729903874,40.10283593092452,0.0,0.9926194046911745,0.23801270501290525,1.0,True
chb03,chb03_10,23,23,23.130294013967735,127.08127103517505,0.0,0.9924850064420967,0.33057523514077397,1.0,True
chb03,chb03_11,23,23,13.550852661518476,106.98051863845347,0.0228515625,0.9957141235803014,0.40776647622264406,1.0,True
chb03,chb03_12,23,23,9.846439274489592,30.32663963093476,0.0,0.9972737319058596,0.2624472145954736,1.0,True
chb03,chb03_13,23,21,12.87403395612778,48.9176300792284,0.0,0.9974766003123364,0.26264063351686345,0.9130434782608695,True
chb03,chb03_14,23,23,10.452683033432262,76.16950130287198,0.0,0.9985966099030907,0.24637045432636875,1.0,True
chb03,chb03_15,23,23,12.15115641879677,82.47230092402174,0.0,0.9991642866292907,0.25890302612516924,1.0,True
chb03,chb03_16,23,23,15.42811085810678,134.63861810677338,0.0,0.9992866791736629,0.31057196113436164,1.0,True
chb03,chb03_17,23,14,29.626143548135744,135.7704571729176,0.0,0.998647446419666,0.3654472014063782,0.6086956521739131,True
chb03,chb03_18,23,21,16.600814063244485,118.00394853950768,0.0,0.999493669324572,0.29244313157554075,0.9130434782608695,True
chb03,chb03_19,23,21,30.417488729497833,142.63909702968235,0.0,0.999341408683538,0.30662340080734285,0.9130434782608695,True
chb03,chb03_20,23,15,30.4685200969232,147.01449450282422,0.06341145833333334,0.9982340536688228,0.33326302950551695,0.6521739130434783,True
chb03,chb03_21,23,19,46.525466099179404,165.0364470873389,0.0,0.983301979326528,0.3754347298793103,0.8260869565217391,True
chb03,chb03_22,23,18,25.395293168476414,167.50371897101212,0.023893229166666665,0.9957245716547537,0.34232813045609645,0.782608695652174,True
chb03,chb03_23,23,18,25.94777291219154,535.3909748117441,0.07018229166666666,0.9986723481364315,0.5187941248116849,0.782608695652174,True
chb03,chb03_24,23,12,30.61137741882333,158.70282266726267,0.0,0.995247258819877,0.3372909623010724,0.5217391304347826,True
chb03,chb03_25,23,17,22.67985474501282,162.97736091165427,0.0,0.9938800558480085,0.2884848490678239,0.7391304347826086,True
chb03,chb03_26,23,12,32.038287631601825,142.0737736026243,0.0,0.9960721065849112,0.33407495070391735,0.5217391304347826,True
chb03,chb03_27,23,15,35.31935800696148,238.62020195657908,0.05423177083333333,0.9931865715986171,0.4099228964064054,0.6521739130434783,True
chb03,chb03_28,23,18,35.25854860707898,278.0273287120721,0.0,0.9976084830366523,0.46108684105519576,0.782608695652174,True
chb03,chb03_29,23,16,24.388952352705374,144.62692930323772,0.0,0.9954677997262837,0.35789859572379495,0.6956521739130435,True
chb03,chb03_30,23,23,23.251218206313112,183.46559956988085,0.0,0.9987106259165438,0.7061830328519154,1.0,True
chb03,chb03_31,23,23,20.922784866978184,285.68871937904294,0.0,0.9979450175090514,0.5156051967238685,1.0,True
chb03,chb03_32,23,23,26.20537506201159,245.0940089512513,0.0,0.9988382941967778,0.4807620746201347,1.0,True
chb03,chb03_33,23,21,18.379968619899593,193.15923726266018,0.0,0.9993115286859375,0.5121586598889821,0.9130434782608695,True
chb03,chb03_34,23,22,25.374532242538166,325.05118069980676,0.063671875,0.9996653607775046,0.84435730054776,0.9565217391304348,True
chb03,chb03_35,23,23,32.832166167257995,347.1253806228202,0.20377604166666666,0.999879545735455,0.877517318644633,1.0,True
chb03,chb03_36,23,23,31.06322005737981,295.8804863659045,0.07122395833333334,0.9998830514252046,0.9358006906721174,1.0,True
chb03,chb03_37,23,17,27.42064137241953,133.73730778317312,0.019010416666666665,0.9953309650082525,0.3591586354694201,0.7391304347826086,True
chb03,chb03_38,23,23,30.359445719437716,138.29666715661475,0.10494791666666667,0.9983115595715054,0.35748897850227995,1.0,True
chb04,chb04_01,23,21,23.86862100046588,180.94697111657604,0.03567708333333333,0.9995197809362977,0.4288627110447448,0.9130434782608695,True
chb04,chb04_02,23,23,14.26543452308416,134.21617114996397,0.0322265625,0.9998029655248081,0.38970706615415934,1.0,True
chb04,chb04_03,23,23,14.742900178105959,100.51142151334726,0.09973958333333334,0.9998351270548951,0.4348386915633769,1.0,True
chb04,chb04_04,23,21,22.478740802185662,154.0515205841493,0.1220703125,0.9998194845300704,0.4537978487286525,0.9130434782608695,True
chb04,chb04_05,23,23,277.87994779156026,430.8951011586857,0.21653645833333332,0.999686004355447,0.9324558532620795,1.0,True
chb04,chb04_06,23,23,20.96632949100422,145.14435652307807,0.09505208333333333,0.9986583266865859,0.430154159204869,1.0,True
chb04,chb04_07,24,24,23.235967848407242,194.30486492098686,0.04733072916666667,0.998439290666731,0.37901657376467024,1.0,True
chb04,chb04_08,24,24,24.46491673833622,403.2274589309365,0.1259765625,0.9994740522792719,0.4030550880726262,1.0,True
chb04,chb04_09,24,24,19.363825362378815,245.44164367692622,0.2596354166666667,0.9999433974716169,0.8008161970957461,1.0,True
chb04,chb04_10,24,24,18.248309038634027,284.8229715552127,0.137109375,0.9999601686279883,0.8433732107390236,1.0,True
chb04,chb04_11,24,24,18.496623803925374,187.40910924228035,0.16653645833333333,0.9999593730428088,0.9695154943636082,1.0,True
chb04,chb04_12,24,24,27.54552385769504,260.0049653422619,0.3603515625,0.9996327977615518,0.7848252130829594,1.0,True
chb04,chb04_13,24,21,42.88291511226765,497.6942875729578,0.13326822916666667,0.9997942856058816,0.5070171952200045,0.875,True
chb04,chb04_14,24,24,50.812944750058456,586.4383004125908,0.1474609375,0.9997278870157579,0.9449662324478841,1.0,True
chb04,chb04_15,24,20,39.789168990684544,531.954177127346,0.15904947916666667,0.9996780255699373,0.8179569346195107,0.8333333333333334,True
chb04,chb04_16,24,24,31.627720064972703,555.3688237483267,0.2123046875,0.9999710881034749,0.9503311314874391,1.0,True
chb04,chb04_17,24,24,23.304355124628863,575.859590277725,0.20625,0.9999417423771001,0.9578735522640441,1.0,True
chb04,chb04_18,24,20,30.71847557516304,526.3144123481197,0.22578125,0.9984150422452533,0.76668706278032,0.8333333333333334,True
chb04,chb04_19,24,24,35.286266954156176,482.1731112176033,0.19375,0.9996788131134583,0.8780228243727825,1.0,True
chb04,chb04_21,24,22,22.013400027034184,179.38880229052435,0.08763020833333333,0.9999614569597244,0.8332071016105302,0.9166666666666666,True
chb04,chb04_22,24,22,16.80133647639398,251.6102145779438,0.10091145833333333,0.999969619267519,0.9295123593188425,0.9166666666666666,True
chb04,chb04_23,24,24,19.72214235344154,171.4662095584537,0.1181640625,0.9999752579344865,0.961077019259109,1.0,True
chb04,chb04_24,24,22,31.356326384079573,177.2986157336686,0.23619791666666667,0.9999606064141612,0.8644210059965237,0.9166666666666666,True
chb04,chb04_25,24,23,26.431582900177574,157.39556482335274,0.14830729166666667,0.9996064621471052,0.46007918507412693,0.9583333333333334,True
chb04,chb04_26,24,24,16.957969053934995,194.06769547293962,0.2766927083333333,0.9998094435882341,0.6466565295285528,1.0,True
chb04,chb04_27,24,21,24.614583295177248,626.572574151983,0.1138671875,0.9996824552547864,0.4567159105727335,0.875,True
chb04,chb04_28,24,23,15.11862019702243,509.23966626821164,0.3685546875,0.9996251363149247,0.4214150164000959,0.9583333333333334,True
chb04,chb04_29,24,24,12.587053392255296,415.7492645810518,0.26946614583333334,0.9997044838714622,0.37708486922711115,1.0,True
chb04,chb04_30,24,24,21.493488413038428,625.1168473462993,0.21171875,0.9996323770930948,0.40971284603376207,1.0,True
chb04,chb04_31,24,24,24.55544105652637,626.8643888076211,0.25904947916666665,0.9997054367957987,0.520394179316188,1.0,True
chb04,chb04_32,24,22,48.611990697484885,686.7470974036015,0.13541666666666666,0.999870301643472,0.7482985915393252,0.9166666666666666,True
chb04,chb04_33,24,22,54.58117745393908,714.1597835203427,0.21223958333333334,0.999797623316572,0.7673669466224344,0.9166666666666666,True
chb04,chb04_34,24,24,35.91508533056613,815.3447960108107,0.3744140625,0.9999610336743356,0.958646178522514,1.0,True
chb04,chb04_35,24,24,24.249908957143198,765.591278937908,0.14889322916666667,0.9998973657528333,0.9379607505096921,1.0,True
chb04,chb04_36,24,24,22.925333211657435,561.3688257927496,0.10188802083333333,0.9999197217914513,0.9557576948788012,1.0,True
chb04,chb04_37,24,24,37.40431408023343,783.6273815223223,0.1169921875,0.9993337644091744,0.8775298024959811,1.0,True
chb04,chb04_38,24,23,21.295016941203414,579.4521646799743,0.086328125,0.9965035302072853,0.4320730166588164,0.9583333333333334,True
chb04,chb04_39,24,24,21.6252556976089,150.4576378549954,0.14407552083333333,0.9967032649327124,0.40541749245365305,1.0,True
chb04,chb04_40,24,17,18.890555729348236,150.76910294705328,0.1716796875,0.9887451429773543,0.4277774814577193,0.7083333333333334,True
chb04,chb04_41,24,24,15.82466994829963,120.20377873951615,0.10865885416666667,0.9956509103431471,0.35564502508212775,1.0,True
chb04,chb04_42,24,23,15.226966855730764,85.95872356777016,0.18717447916666666,0.994939760771291,0.27727424390202365,0.9583333333333334,True
chb04,chb04_43,24,23,31.82684967511134,184.77157520644582,0.10455729166666666,0.9967602841467817,0.41145115474950794,0.9583333333333334,True
chb05,chb05_01,23,14,56.77140733143716,182.49798590802126,0.0,0.9618806613089707,0.22354556554480637,0.6086956521739131,True
chb05,chb05_02,23,14,58.49668295185218,231.46317774736258,0.0,0.9744859918389661,0.21630900249132168,0.6086956521739131,True
chb05,chb05_03,23,14,62.1229672802979,158.2198112955595,0.0,0.9773495365671673,0.28901310795796725,0.6086956521739131,True
chb05,chb05_04,23,15,61.80653395770587,181.16478185598672,0.0,0.9830600739391763,0.3326657072531068,0.6521739130434783,True
chb05,chb05_05,23,13,64.97127404495153,153.1216733028426,0.0,0.9912738463008206,0.24130698704729517,0.5652173913043478,True
chb05,chb05_06,23,23,44.63699974422317,446.31186224358106,0.0,0.9985885447117682,0.20433691231665793,1.0,True
chb05,chb05_07,23,23,40.51627581687211,122.86681607753596,0.0,0.9988060739847253,0.19454094916769726,1.0,True
chb05,chb05_08,23,23,42.34246294623717,110.91470312221547,0.0,0.9986819213127687,0.25677205725805036,1.0,True
chb05,chb05_09,23,23,36.56117167576326,129.2577867113782,0.0,0.9986411431779388,0.30293605132591167,1.0,True
chb05,chb05_10,23,23,39.02719687018765,112.81021603319532,0.0,0.9988295911974427,0.21503568575699458,1.0,True
chb05,chb05_11,23,23,37.94289383489095,116.66061151059299,0.0,0.9986735325038435,0.22888195968791,1.0,True
chb05,chb05_12,23,23,35.06885135931746,112.79137047039201,0.0,0.9986514113812835,0.19630474248053226,1.0,True
chb05,chb05_13,23,23,49.93926938539519,335.2224086935457,0.0,0.998492677234435,0.26350894134401315,1.0,True
chb05,chb05_14,23,15,59.52601133183805,175.17685683961193,0.0,0.9963446428603979,0.2029678427553516,0.6521739130434783,True
chb05,chb05_15,23,23,44.56014807587496,114.4245000340109,0.0,0.9986179081744494,0.18906632973108023,1.0,True
chb05,chb05_16,23,23,51.39884564856712,340.22468422967927,0.0,0.9989242081777374,0.2270681060248292,1.0,True
chb05,chb05_17,23,23,58.98968298405104,313.32266016776674,0.0,0.9992103430361664,0.34846133975749055,1.0,True
chb05,chb05_18,23,20,63.79045207411518,168.25962321989,0.0,0.9991496934806394,0.4859194795828165,0.8695652173913043,True
chb05,chb05_19,23,23,68.37025298867023,180.84441162909317,0.0,0.9993557631273188,0.30601362052408415,1.0,True
chb05,chb05_20,23,19,71.77195961547044,169.1904060102295,0.0,0.9986198917979324,0.2710168561533737,0.8260869565217391,True
chb05,chb05_21,23,19,82.19186231916254,170.10779994020717,0.0,0.9978864851747906,0.24633040767905606,0.8260869565217391,True
chb05,chb05_22,23,23,78.39556095570566,351.611328998928,0.0,0.998445930457951,0.2128049692896942,1.0,True
chb05,chb05_23,23,22,51.17472170677674,133.73166596094896,0.0,0.9987077935032077,0.17274127091490907,0.9565217391304348,True
chb05,chb05_24,23,23,50.66683623432462,159.16995239239583,0.0,0.9986638418968314,0.1693136632751581,1.0,True
chb05,chb05_25,23,23,48.44930361103435,112.74428549276416,0.0,0.9989499208069559,0.23689624301769605,1.0,True
chb05,chb05_26,23,23,65.13980341994744,246.57104719896233,0.0,0.9990680292059881,0.15522114458039923,1.0,True
chb05,chb05_27,23,21,88.77666209644656,383.553545325976,0.0,0.9982687329770041,0.1932683203324791,0.9130434782608695,True
chb05,chb05_28,23,19,85.04685100122154,198.91248219435636,0.0,0.9988828542818388,0.3018414444688258,0.8260869565217391,True
chb05,chb05_29,23,15,90.63993828251796,220.64200408513219,0.0,0.9972215910316413,0.18281988512980019,0.6521739130434783,True
chb05,chb05_30,23,22,76.63229944584106,179.9210918236198,0.0,0.9992480518013205,0.32396443790815815,0.9565217391304348,True
chb05,chb05_31,23,23,57.083792476607854,200.3671354966565,0.0,0.9993807946458086,0.1341188835005234,1.0,True
chb05,chb05_32,23,23,60.69393090442577,177.1596914261006,0.019466145833333334,0.9997930905922403,0.2806715642896277,1.0,True
chb05,chb05_33,23,23,60.90976434634387,185.4272112340434,0.0,0.9996285270516619,0.11651386439146673,1.0,True
chb05,chb05_34,23,23,67.74755064467482,283.42954366357367,0.0,0.9990959976191763,0.22975337678816596,1.0,True
chb05,chb05_35,23,23,74.55315500181996,224.78449520040638,0.0279296875,0.9987986596517305,0.2826134042988585,1.0,True
chb05,chb05_36,23,21,70.38890569292658,185.97596643237122,0.021549479166666666,0.9994280246283631,0.14148603506955418,0.9130434782608695,True
chb05,chb05_37,23,22,66.39240324332226,172.76810459246,0.0,0.9994696041785718,0.11254204170209632,0.9565217391304348,True
chb05,chb05_38,23,22,68.16603711597463,159.52691088972176,0.02734375,0.9990882424247681,0.19950324801107036,0.9565217391304348,True
chb05,chb05_39,23,22,102.035690770859,255.82525692157893,0.027669270833333332,0.9990073352787087,0.20157488193943013,0.9565217391304348,True
chb06,chb06_01,23,4,88.72660722068856,166.10471159489447,0.022265625,0.8521114764710226,0.1325758580604357,0.17391304347826086,True
chb06,chb06_02,23,15,84.03929637202671,350.8097794820906,0.15462239583333334,0.9729152274921697,0.10438061674235576,0.6521739130434783,True
chb06,chb06_03,23,16,71.59432555847837,153.64664008175814,0.051497395833333334,0.9832239847138512,0.061556310911036284,0.6956521739130435,True
chb06,chb06_04,23,23,136.6859081444906,733.0369561120447,0.0916015625,0.9992744013675885,0.8673044487320544,1.0,True
chb06,chb06_05,23,23,88.2136292137676,647.3048801625023,0.136328125,0.9993359863449187,0.8102547049896626,1.0,True
chb06,chb06_06,23,15,81.63755180420631,154.80641084898735,0.0689453125,0.9609885999437693,0.10986414383039164,0.6521739130434783,True
chb06,chb06_07,23,15,85.58813795956522,169.08761426932017,0.04140625,0.9751893834736102,0.14172305168554342,0.6521739130434783,True
chb06,chb06_08,23,17,84.49549451408899,154.3143415124079,0.1556640625,0.9690670257549536,0.0926617813403236,0.7391304347826086,True
chb06,chb06_09,23,21,72.36310982525853,180.5867240253343,0.09303385416666667,0.9975200815950376,0.11289477533321002,0.9130434782608695,True
chb06,chb06_10,23,23,80.0277060413901,335.049652939968,0.12063802083333333,0.9998739187381929,0.9821580878945291,1.0,True
chb06,chb06_12,23,13,83.17699493883191,152.9876218775628,0.040364583333333336,0.9914107347193759,0.09693638782077087,0.5652173913043478,True
chb06,chb06_13,23,12,87.32182569628415,172.002998835419,0.0697265625,0.9894243694666381,0.11956682252519013,0.5217391304347826,True
chb06,chb06_14,23,20,79.66416351581643,197.83410456319385,0.1529296875,0.9951226518568094,0.13045031663901302,0.8695652173913043,True
chb06,chb06_15,23,23,59.761711889569064,176.2969221113991,0.11002604166666667,0.9969484722387565,0.012638408188741727,1.0,True
chb06,chb06_16,23,21,66.4150828451421,201.37729629684893,0.16861979166666666,0.9933141124486171,0.01184633678448437,0.9130434782608695,True
chb06,chb06_17,23,20,66.08119841994713,202.62821291646165,0.13014322916666668,0.9870393990779425,0.1591037261982195,0.8695652173913043,True
chb06,chb06_18,23,13,72.02764338306854,179.70995900779988,0.08919270833333333,0.9965301401936324,0.14224113553442183,0.5652173913043478,True
chb06,chb06_24,23,23,73.10030896429053,592.5428165326533,0.2859375,0.9995901541530697,0.15577707958923365,1.0,True
chb07,chb07_01,23,2,27.558100164466524,168.34236277151948,0.17526041666666667,0.9990537400847589,0.4767382343375817,0.08695652173913043,True
chb07,chb07_02,23,2,24.877170305687635,126.38670515630156,0.041796875,0.9965163060841576,0.32525010107732927,0.08695652173913043,True
chb07,chb07_03,23,2,38.129918453907884,115.96283954258544,0.0,0.9965979549700668,0.16990666967246915,0.08695652173913043,True
chb07,chb07_04,23,3,27.145815532895504,442.83810692564754,0.07083333333333333,0.9991515216561905,0.8501131926662903,0.13043478260869565,True
chb07,chb07_05,23,23,159.09817922880916,566.4792288612138,0.16953125,0.99953211772101,0.8815961645808271,1.0,True
chb07,chb07_06,23,4,26.897951529452612,150.43412762431853,0.0,0.9989531230674621,0.6180696701992292,0.17391304347826086,True
chb07,chb07_07,23,5,22.249808854018013,197.0180978292301,0.15989583333333332,0.9993778306367761,0.680198764610459,0.21739130434782608,True
chb07,chb07_08,23,4,27.06784463642238,139.46592748772844,0.058268229166666664,0.9788277930240824,0.36808471322008196,0.17391304347826086,True
chb07,chb07_09,23,10,27.92332154078908,147.6440690550175,0.0234375,0.9978600877777608,0.6137801804291549,0.43478260869565216,True
chb07,chb07_10,23,15,39.18515800564184,291.0902474358884,0.09225260416666667,0.9992942856137582,0.43921020231566976,0.6521739130434783,True
chb07,chb07_11,23,17,25.411218779865315,220.0505336265267,0.14563802083333333,0.9966354707597262,0.16036274329272845,0.7391304347826086,True
chb07,chb07_12,23,15,29.423772415970248,232.4246274269161,0.1638671875,0.9975884359707983,0.32319224595513774,0.6521739130434783,True
chb07,chb07_13,23,13,32.60310233669354,476.92810582110076,0.0,0.9968421127345398,0.3580028809505618,0.5652173913043478,True
chb07,chb07_14,23,23,53.3407041436727,691.9501024852883,0.21061197916666666,0.9998081172452421,0.9384524970257381,1.0,True
chb07,chb07_15,23,13,29.243586083438437,204.5177110297109,0.11276041666666667,0.9996649604219873,0.8275046666574917,0.5652173913043478,True
chb07,chb07_16,23,15,32.07190756863919,214.1378839271246,0.09466145833333334,0.9993390865855728,0.7123143476436836,0.6521739130434783,True
chb07,chb07_17,23,21,37.71528795546472,282.37552912368454,0.035481770833333336,0.9991730560882355,0.736262364434494,0.9130434782608695,True
chb07,chb07_18,23,21,26.888711354658735,215.79547799286573,0.04765625,0.9980806388032455,0.36084238004850844,0.9130434782608695,True
chb07,chb07_19,23,18,29.80713855900981,284.94272791591436,0.45794270833333334,0.9962432010772371,0.516712400588364,0.782608695652174,True
chb08,chb08_02,23,23,50.00514042091958,210.50634284859296,0.047591145833333334,0.99633196941979,0.4166205533630276,1.0,True
chb08,chb08_03,23,23,50.900822003653396,133.09100848898774,0.0,0.9964119373406671,0.1159296978589039,1.0,True
chb08,chb08_04,23,23,48.87687195558797,138.9070291167596,0.025065104166666668,0.9948543569274347,0.06417388332508633,1.0,True
chb08,chb08_05,23,23,67.8610004276494,372.85738816087365,0.030078125,0.9998267508873162,0.9384748184121043,1.0,True
chb08,chb08_10,23,14,52.06234272905233,168.89345846003772,0.0,0.9800173864585718,0.23858978331367564,0.6086956521739131,True
chb08,chb08_11,23,17,76.85066105891991,220.92288418399744,0.17610677083333334,0.9769895369334141,0.21802106656243275,0.7391304347826086,True
chb08,chb08_12,23,17,56.391360542690975,127.57938087686165,0.021614583333333333,0.9820521024454681,0.24190345969177188,0.7391304347826086,True
chb08,chb08_13,23,16,59.13882734501837,232.9684363036226,0.0,0.989570465299601,0.22163149250506098,0.6956521739130435,True
chb08,chb08_14,23,23,60.91162426743777,157.88743462788563,0.0,0.9950500961616718,0.24043219356850404,1.0,True
chb08,chb08_15,23,23,64.77324053107185,154.0891212160433,0.0,0.9959214070109523,0.041350406071803694,1.0,True
chb08,chb08_16,23,22,52.358683808624505,130.76706403464112,0.0,0.9944453580042549,0.056056971053199366,0.9565217391304348,True
chb08,chb08_17,23,23,55.930787173603704,141.79134816425494,0.027604166666666666,0.9951978630737652,0.0508888447917634,1.0,True
chb08,chb08_18,23,23,41.49108118302097,140.99116969249238,0.0,0.9944678305774491,0.2126937512244138,1.0,True
chb08,chb08_19,23,23,39.661208795805386,120.39881893109494,0.028776041666666665,0.9973102287891519,0.07663477476258124,1.0,True
chb08,chb08_20,23,23,67.79910077806316,149.8999351334704,0.03528645833333333,0.9963205147617957,0.2641618283944522,1.0,True
chb08,chb08_21,23,16,67.15246841308941,205.87298847573857,0.030924479166666668,0.9947239346071878,0.2657030583373612,0.6956521739130435,True
chb08,chb08_22,23,23,51.42490751670488,157.1184621685068,0.0,0.9991055699052659,0.18724250601981693,1.0,True
chb08,chb08_23,23,23,58.71219321675518,151.93221165278635,0.06692708333333333,0.9959459161536012,0.08495799539825058,1.0,True
chb08,chb08_24,23,23,69.88858483205571,165.5841756352503,0.025716145833333332,0.995216661206328,0.2451742447464975,1.0,True
chb08,chb08_29,23,22,69.84379803650035,150.46957634304047,0.035807291666666664,0.9992674271700296,0.2009797869144359,0.9565217391304348,True
chb10,chb10_01,23,2,69.38254451191936,321.0159423204284,0.05188802083333333,0.6433275687169553,0.22098721878299285,0.08695652173913043,True
chb10,chb10_02,23,2,78.42502104031269,426.0650925614245,0.0,0.6599950649307158,0.17880494415642337,0.08695652173913043,True
chb10,chb10_03,23,10,58.23181799745194,156.65174644607328,0.037109375,0.793242804064883,0.08807914668254338,0.43478260869565216,True
chb10,chb10_04,23,11,56.232649278766104,175.62342235203545,0.0435546875,0.8061115320151823,0.1582410525504469,0.4782608695652174,True
chb10,chb10_05,23,8,66.58673676616172,816.6834578758983,0.036783854166666664,0.782717090381247,0.3686535646829778,0.34782608695652173,True
chb10,chb10_06,23,11,62.06379064483235,339.7243899277501,0.0310546875,0.8740691691064977,0.5085795530291868,0.4782608695652174,True
chb10,chb10_07,23,12,69.77314820686209,312.029644755311,0.09791666666666667,0.7744477012435685,0.17592271557402,0.5217391304347826,True
chb10,chb10_08,23,7,79.11531432792032,309.7092256632071,0.043684895833333334,0.783518162869658,0.09014323423731738,0.30434782608695654,True
chb10,chb10_12,23,14,71.5723017389538,396.8382696888284,0.022981770833333335,0.9761505640368477,0.31546153482366734,0.6086956521739131,True
chb10,chb10_13,23,17,70.94089631360225,286.4820577104112,0.025325520833333334,0.9901943313653713,0.3481063768650634,0.7391304347826086,True
chb10,chb10_14,23,17,65.61342064666889,566.4055738200278,0.041731770833333334,0.9728362592573044,0.22838011675401038,0.7391304347826086,True
chb10,chb10_15,23,21,55.435957392444834,235.80538753108735,0.1,0.9938142273193983,0.0845552872388358,0.9130434782608695,True
chb10,chb10_16,23,19,38.115994677558525,135.4821859926861,0.027473958333333333,0.9338265513121198,0.20441717905827714,0.8260869565217391,True
chb10,chb10_17,23,20,49.86877591236185,162.35941789551904,0.0505859375,0.9383122664839263,0.2682906538417144,0.8695652173913043,True
chb10,chb10_18,23,20,52.56374916204305,158.45368840903802,0.0435546875,0.8926336908712055,0.36139704041415044,0.8695652173913043,True
chb10,chb10_19,23,20,61.84775625708607,279.84087273190386,0.07805989583333334,0.9447994568653353,0.16385156416637311,0.8695652173913043,True
chb10,chb10_20,23,18,75.58662215010486,1017.5705061798949,0.23821614583333334,0.9759899141188496,0.4677595826042951,0.782608695652174,True
chb10,chb10_21,23,23,71.33965919012739,314.02389315131194,0.054361979166666664,0.9908860010134227,0.4155065831663778,1.0,True
chb10,chb10_22,23,23,45.66129768835244,236.21395411205472,0.03470052083333333,0.9953392173368556,0.8151770251649186,1.0,True
chb10,chb10_27,23,21,58.71076242322409,483.7918811849971,0.09765625,0.9710166120239587,0.19147364472681233,0.9130434782608695,True
chb10,chb10_28,23,22,41.667831016220575,127.95431317895255,0.11770833333333333,0.9238550284367388,0.036102010695802114,0.9565217391304348,True
chb10,chb10_30,23,19,50.00664484642413,170.4741430437132,0.0501953125,0.96989087774017,0.1747246714528821,0.8260869565217391,True
chb10,chb10_31,23,21,72.27000309270286,793.2671020203411,0.040755208333333334,0.9740842570882026,0.5021288615184885,0.9130434782608695,True
chb10,chb10_38,23,15,79.00742054444464,287.41604307116387,0.17584635416666666,0.9395002973458992,0.19541598561508744,0.6521739130434783,True
chb10,chb10_89,23,23,67.52373224681693,194.07354224320613,0.050520833333333334,0.9992385726572469,0.2306429896918757,1.0,True
chb11,chb11_01,23,20,32.829714391371574,107.12105895207564,0.0,0.9954977473689981,0.3098264401638138,0.8695652173913043,True
chb11,chb11_02,28,21,22.059162854902993,105.41139323177383,1.0,0.9805691943586546,0.30475539321624745,0.75,True
chb11,chb11_03,28,28,22.495942682697866,141.19000202461464,1.0,0.999261083932167,0.9400109079195517,1.0,True
chb11,chb11_04,28,16,22.867685387564862,109.98432943588439,1.0,0.9437352052090627,0.3092920911018669,0.5714285714285714,True
chb11,chb11_05,28,14,26.609518162403013,181.98757848114886,1.0,0.8340490787619638,0.3061633487138,0.5,True
chb11,chb11_06,28,16,24.946146565446206,201.99844640174916,1.0,0.8687303032267968,0.3204077882473029,0.5714285714285714,True
chb11,chb11_07,28,16,22.171596196837616,215.1943667894667,1.0,0.944271865805856,0.3539112721841659,0.5714285714285714,True
chb11,chb11_08,28,16,23.071341529727903,247.86952846158223,1.0,0.9419743208835859,0.3895659175673985,0.5714285714285714,True
chb11,chb11_09,28,16,28.400054496670776,322.8038633975143,1.0,0.8868822398362467,0.3707022094057968,0.5714285714285714,True
chb11,chb11_10,28,16,23.89453099198004,260.60734908417066,1.0,0.9725958043503963,0.370689145851991,0.5714285714285714,True
chb11,chb11_11,28,17,23.024745175239005,285.77295252195523,1.0,0.9682278433484143,0.2590179940947949,0.6071428571428571,True
chb11,chb11_12,28,18,18.026440646023886,324.0449936393715,1.0,0.9654093957001851,0.281605975539314,0.6428571428571429,True
chb11,chb11_13,28,17,20.211772313518367,280.4888449072635,1.0,0.964191286513443,0.251258271123303,0.6071428571428571,True
chb11,chb11_14,28,16,20.36950371677314,285.74537854046656,1.0,0.9715111139520564,0.34592778279219544,0.5714285714285714,True
chb11,chb11_15,28,16,20.220663744222357,360.4104233821981,1.0,0.9717453256620553,0.3486280924465011,0.5714285714285714,True
chb11,chb11_16,28,23,29.7275795669684,309.40692130801193,1.0,0.995303595107438,0.3350818345266679,0.8214285714285714,True
chb11,chb11_17,28,23,24.100302244197774,133.668141688782,1.0,0.9953094186010133,0.1431703262437817,0.8214285714285714,True
chb11,chb11_18,28,23,24.39782006549634,197.0964438019852,1.0,0.9939225073555393,0.20478340195086084,0.8214285714285714,True
chb11,chb11_19,28,23,28.935851446958104,190.2320404408913,1.0,0.9947375851287492,0.2580715903375635,0.8214285714285714,True
chb11,chb11_24,28,24,26.668692189268917,112.30412836477919,1.0,0.9957063004743711,0.2562652862026209,0.8571428571428571,True
chb11,chb11_25,28,15,22.39613666867963,111.82422291291846,1.0,0.9636779387110314,0.3111136975871425,0.5357142857142857,True
chb11,chb11_26,28,13,24.082756590323484,193.42533440483882,1.0,0.8847041493363831,0.2831694470261678,0.4642857142857143,True
chb11,chb11_27,28,14,22.506768483459865,226.3432456841167,1.0,0.9610473268054046,0.33436297766161893,0.5,True
chb11,chb11_53,28,28,62.18784786995472,112.59844610201479,1.0,0.9947995002687746,0.11669801324202347,1.0,True
chb11,chb11_54,28,28,25.08141242416324,108.30973314516814,1.0,0.9930448302730903,0.16119900011152566,1.0,True
chb11,chb11_55,28,27,20.25193934396426,145.7300702954461,1.0,0.993218173617313,0.27970069072180176,0.9642857142857143,True
chb11,chb11_56,28,19,23.427618167251456,207.6050525949086,1.0,0.9910873988369643,0.2696640153431487,0.6785714285714286,True
chb11,chb11_58,28,27,21.77274341049476,145.98278043772814,1.0,0.993791617341458,0.30179685124041056,0.9642857142857143,True
chb11,chb11_60,28,27,30.926087862544154,116.3691562865575,1.0,0.9945450635519902,0.1287754768084141,0.9642857142857143,True
chb11,chb11_61,28,27,24.907504913352746,186.19315483655294,1.0,0.9938396329372287,0.14328847122985314,0.9642857142857143,True
chb11,chb11_62,28,26,19.5562038993934,127.75131526638425,1.0,0.9944112517080781,0.15431383038649116,0.9285714285714286,True
chb11,chb11_63,28,27,22.79512592497607,170.2230869601382,1.0,0.994782420358469,0.2673859668595779,0.9642857142857143,True
chb11,chb11_82,28,17,28.206403099620044,112.91392408626102,1.0,0.9867419357851283,0.2966369213820618,0.6071428571428571,True
chb11,chb11_92,28,23,31.182954767517234,173.09906170792573,1.0,0.9939671703745736,0.25535377063399034,0.8214285714285714,True
chb11,chb11_99,28,28,45.238514618496595,256.0024827401384,1.0,0.9930975671991639,0.2961556687354316,1.0,True
chb12,chb12_06,28,28,37.88046408826048,141.75220498284017,1.0,0.9551020830009265,0.0976311830876834,1.0,True
chb12,chb12_08,28,16,27.45149598946934,255.0978963771274,1.0,0.9733252299265586,0.028027235891012244,0.5714285714285714,True
chb12,chb12_09,28,16,30.080201545518115,477.4578663340419,1.0,0.9734690928013471,0.06177608844189029,0.5714285714285714,True
chb12,chb12_10,28,15,30.138335927900002,261.1079429215491,1.0,0.9767977841550622,0.10767575015900958,0.5357142857142857,True
chb12,chb12_11,28,28,39.318120127012506,227.64213705124985,1.0,0.9696002329359531,0.12619378390162253,1.0,True
chb12,chb12_19,28,8,37.33568744503613,189.65206554507338,1.0,0.8260916044559923,0.3354275357065436,0.2857142857142857,True
chb12,chb12_20,28,12,35.458278604944766,92.76467850760284,1.0,0.9788939727234374,0.2501109131774709,0.42857142857142855,True
chb12,chb12_21,28,10,40.203826632680624,124.69471216302965,1.0,0.9750882425100114,0.15510749912780358,0.35714285714285715,True
chb12,chb12_23,28,24,44.8145370630439,142.11437800986695,1.0,0.9960119278085374,0.32956516346615533,0.8571428571428571,True
chb12,chb12_24,28,24,37.65216289231107,182.29001663152246,1.0,0.997617169900412,0.3856148585447938,0.8571428571428571,True
chb12,chb12_27,29,29,127.08893080981338,794.0519943830337,1.0,0.9987865122362375,0.7783007892876119,1.0,True
chb12,chb12_28,29,29,141.0067204068689,347.3710638956268,1.0,0.9974603101315377,0.6907335858218345,1.0,True
chb12,chb12_29,29,29,197.86697447507703,437.533613822193,1.0,0.9955319277403568,0.5976325471554854,1.0,True
chb12,chb12_32,29,13,37.9934377860384,187.4245878602099,1.0,0.899683585976976,0.15833122146836626,0.4482758620689655,True
chb12,chb12_33,29,13,32.81463641300164,169.98930624902854,1.0,0.9850456381920389,0.08062259391867846,0.4482758620689655,True
chb12,chb12_34,29,10,30.465292825809637,183.32671205036817,1.0,0.9002360594141353,0.13189833556497532,0.3448275862068966,True
chb12,chb12_35,29,10,36.71148248081512,90.92977872106194,1.0,0.887454754207419,0.07771688143468311,0.3448275862068966,True
chb12,chb12_36,29,10,39.297328736836306,151.20866665031429,1.0,0.842539790674414,0.08436937876080068,0.3448275862068966,True
chb12,chb12_37,29,10,39.88340459593907,142.82069643509493,1.0,0.6201724587234656,0.08767563972983468,0.3448275862068966,True
chb12,chb12_38,29,9,44.22040031009577,140.75740636184,1.0,0.40889176167449587,0.07211475339849499,0.3103448275862069,True
chb12,chb12_39,29,9,47.391365815780446,176.09681576151837,1.0,0.7386916125692562,0.17063457936060894,0.3103448275862069,True
chb12,chb12_40,29,10,30.62745655049497,135.27352293015272,1.0,0.6848571244313201,0.1800861363978328,0.3448275862068966,True
chb12,chb12_41,29,19,35.71489325513143,70.92537489733994,1.0,0.8131270141341893,0.09831582184738415,0.6551724137931034,True
chb12,chb12_42,29,22,34.9377537157353,290.462357744428,1.0,0.9722485804887065,0.16809826616736223,0.7586206896551724,True
chb13,chb13_02,28,12,57.81155190201653,151.6915701128427,1.0,0.9817577347526045,0.2897401798937086,0.42857142857142855,True
chb13,chb13_03,28,12,66.95370187509988,557.1112553185814,1.0,0.9970221397695098,0.27544165138384213,0.42857142857142855,True
chb13,chb13_04,25,16,78.61190402538068,517.4070901712915,1.0,0.9993670910774833,0.7996465423366474,0.64,True
chb13,chb13_05,22,15,76.48626774656702,353.0207820159112,1.0,0.9992532828049253,0.7379359718772217,0.6818181818181818,True
chb13,chb13_06,22,15,71.94923282697566,269.1482521946567,1.0,0.9994122178388596,0.8901187798419774,0.6818181818181818,True
chb13,chb13_07,22,21,69.09589728917115,296.8675031289653,1.0,0.9999035103908382,0.9090159088266084,0.9545454545454546,True
chb13,chb13_08,22,21,51.37360815671389,149.33177571271565,1.0,0.999777557085311,0.6842129199672523,0.9545454545454546,True
chb13,chb13_09,22,21,37.87672110121305,145.83997587381893,1.0,0.9998504556105501,0.7990788956311946,0.9545454545454546,True
chb13,chb13_10,22,21,47.118394192864585,148.07689267983739,1.0,0.9999105353672432,0.884143924525662,0.9545454545454546,True
chb13,chb13_11,22,22,33.67118785366351,254.12204158471607,1.0,0.9999524142682752,0.9746221279700759,1.0,True
chb13,chb13_12,22,22,34.00855421456264,201.43303866306806,1.0,0.9999478253074567,0.9748857250245818,1.0,True
chb13,chb13_13,22,22,30.100469488142416,262.76105134230875,1.0,0.9999381667826631,0.9772106506078492,1.0,True
chb13,chb13_14,22,22,31.405025958846377,251.35385337779937,1.0,0.9999613086686627,0.9909787004983936,1.0,True
chb13,chb13_15,22,22,34.878303051078916,401.66047483148924,1.0,0.9999830750468234,0.9956986624437111,1.0,True
chb13,chb13_16,22,22,37.384805158879544,579.2324732866921,1.0,0.9999767943161112,0.9974641958453314,1.0,True
chb13,chb13_18,22,19,45.05988051502868,149.3214855654899,1.0,0.9957387692697022,0.48878768491942093,0.8636363636363636,True
chb13,chb13_19,28,21,58.6680534897756,279.73744342100247,1.0,0.9995181144042794,0.8834832440048948,0.75,True
chb13,chb13_21,28,13,64.43572747541418,410.19642176298976,1.0,0.9990397520676852,0.3755365658674701,0.4642857142857143,True
chb13,chb13_22,28,17,65.97826124113362,410.4974658838151,1.0,0.9994167056425974,0.501204343413571,0.6071428571428571,True
chb13,chb13_24,22,21,54.43923234814834,244.53865261786066,1.0,0.9998654878254568,0.2483978318415426,0.9545454545454546,True
chb13,chb13_30,22,13,60.63517543626007,176.57394776135396,1.0,0.9440769912646517,0.3475682771808667,0.5909090909090909,True
chb13,chb13_36,22,22,42.523503166219655,153.94841663306195,1.0,0.9954722605072349,0.03231663602822533,1.0,True
chb13,chb13_37,22,22,38.631489621417835,174.6198527971445,1.0,0.9963412006429201,0.054038207941536714,1.0,True
chb13,chb13_38,22,22,33.22516538280266,208.3162072509188,1.0,0.9993288357439842,0.29313022505580183,1.0,True
chb13,chb13_39,22,22,34.05750649727158,146.36496163936727,1.0,0.9995911971703159,0.39063455445848094,1.0,True
chb13,chb13_40,22,22,37.036354203217854,343.5831818532189,1.0,0.9998876187901138,0.553227983658197,1.0,True
chb13,chb13_47,22,22,74.46824957181539,291.74018184433504,1.0,0.9995909037781776,0.2689534820448537,1.0,True
chb13,chb13_55,28,28,58.425753611891594,968.8840924147646,1.0,0.9996808110567674,0.7670428244883004,1.0,True
chb13,chb13_56,28,28,57.97028932890404,211.06161872102945,1.0,0.9998994984253208,0.8353220405600832,1.0,True
chb13,chb13_58,28,28,35.19253701255912,290.8433743840138,1.0,0.9999235495476626,0.951343178904203,1.0,True
chb13,chb13_59,28,28,33.28275861547963,481.7477675524467,1.0,0.9995076723082063,0.7963944393050131,1.0,True
chb13,chb13_60,28,28,47.37162314495219,133.0300218600417,1.0,0.9992053960078879,0.20017333425998068,1.0,True
chb13,chb13_62,28,28,34.92572879815151,447.2368507543501,1.0,0.9994135557291226,0.2572586396273308,1.0,True
chb14,chb14_01,28,21,55.241645756368655,150.78702369273546,1.0,0.9785457957724644,0.050410809408204,0.75,True
chb14,chb14_02,28,24,53.82619882581912,149.0528915551131,1.0,0.9935112567673772,0.07973918295946338,0.8571428571428571,True
chb14,chb14_03,28,22,53.48232415934809,150.87604280215893,1.0,0.9932096688767882,0.0626644360770067,0.7857142857142857,True
chb14,chb14_04,28,24,54.241280937716006,157.51049997377123,1.0,0.9943909746669966,0.030320899860989854,0.8571428571428571,True
chb14,chb14_06,28,24,53.11899780739658,137.71034911232496,1.0,0.9910414550310741,0.1691289276522211,0.8571428571428571,True
chb14,chb14_07,28,24,47.28016837451179,134.39620359855638,1.0,0.9946697697607715,0.010638602351762394,0.8571428571428571,True
chb14,chb14_11,28,25,51.428570322675704,155.6274123555908,1.0,0.9979225424132705,0.0244914264223206,0.8928571428571429,True
chb14,chb14_12,28,26,46.48252336289915,126.9182671012058,1.0,0.9982232616061194,0.02413901137605073,0.9285714285714286,True
chb14,chb14_13,28,25,48.47833565871211,115.1040940990119,1.0,0.9983290700281323,0.014884113991784137,0.8928571428571429,True
chb14,chb14_14,28,27,44.80181703859151,152.2209332461168,1.0,0.9985640551660403,0.04181753497986093,0.9642857142857143,True
chb14,chb14_16,28,26,46.27826058239049,96.13757504570722,1.0,0.9989767971955339,0.012945588462941441,0.9285714285714286,True
chb14,chb14_17,28,26,48.786012629066434,129.29634157186632,1.0,0.9990439100538766,0.12427318749215115,0.9285714285714286,True
chb14,chb14_18,28,25,50.816050566252656,141.66770605296875,1.0,0.998147077579586,0.07451547529349396,0.8928571428571429,True
chb14,chb14_19,28,25,51.60329808750109,139.54949534259958,1.0,0.9977579904160593,0.008093670293996828,0.8928571428571429,True
chb14,chb14_20,28,26,47.05411198222331,116.28193573336674,1.0,0.9977305816058227,0.006002173756218339,0.9285714285714286,True
chb14,chb14_22,28,25,54.042995088628885,199.62124333991213,1.0,0.9971723302659176,0.017682565861839736,0.8928571428571429,True
chb14,chb14_24,28,25,51.1854963271158,172.9379119148266,1.0,0.9974740739193602,0.04216642480498311,0.8928571428571429,True
chb14,chb14_25,28,26,53.55734695163937,162.2482842681209,1.0,0.997583041681682,0.07767150992237112,0.9285714285714286,True
chb14,chb14_26,28,26,53.00383221723847,145.21482468668992,1.0,0.9978594067838918,0.022258839834519966,0.9285714285714286,True
chb14,chb14_27,28,27,49.89654517947274,155.2621245211484,1.0,0.9976309298889434,0.017038709669618596,0.9642857142857143,True
chb14,chb14_29,28,27,52.88188949464644,224.91200078292246,1.0,0.9979467363194636,0.09016491376466564,0.9642857142857143,True
chb14,chb14_30,28,27,47.40129938129333,132.6112728927233,1.0,0.9978667321260183,0.1401383500848886,0.9642857142857143,True
chb14,chb14_32,28,26,49.38267878473119,213.29304398940087,1.0,0.9981726412922872,0.11475452846708997,0.9285714285714286,True
chb14,chb14_37,28,28,50.09637722161087,99.4084428031587,1.0,0.9991581288338133,0.014150570323499189,1.0,True
chb14,chb14_39,28,28,48.0228899175731,147.7905700442149,1.0,0.9991341443897116,0.014299481746005824,1.0,True
chb14,chb14_42,28,28,50.63605421558866,153.59262660356814,1.0,0.9986288785655827,0.05977396138207373,1.0,True
chb15,chb15_01,31,30,15.507811581549301,933.9016114860608,1.0,0.9383112747038159,0.5114744911331575,0.967741935483871,True
chb15,chb15_02,38,34,16.53119729453365,200.1786202508798,1.0,0.9944083932572547,0.6460067805727473,0.8947368421052632,True
chb15,chb15_03,38,37,16.00849280469446,83.3746403458261,1.0,0.9958715732738594,0.7596325219584777,0.9736842105263158,True
chb15,chb15_04,38,37,15.45138356157852,61.509940674559424,1.0,0.9972838781334411,0.7340400518460931,0.9736842105263158,True
chb15,chb15_05,38,37,19.043341704714365,328.8724851289281,1.0,0.995623193710287,0.6224872439792312,0.9736842105263158,True
chb15,chb15_06,38,37,14.996517553664098,42.46460888864941,1.0,0.9953911355994184,0.5076859702635362,0.9736842105263158,True
chb15,chb15_07,38,37,11.906679307104655,48.684542064783265,1.0,0.9939141031763846,0.46475469443328254,0.9736842105263158,True
chb15,chb15_08,38,37,15.460602400184216,47.6580449877928,1.0,0.9944838243690215,0.5090438112237307,0.9736842105263158,True
chb15,chb15_09,38,38,11.902511458943948,57.93524274756124,1.0,0.9946048895980548,0.5294129583549109,1.0,True
chb15,chb15_10,38,37,14.36229121926447,65.20599902074666,1.0,0.9943823656515264,0.4678760167612433,0.9736842105263158,True
chb15,chb15_11,38,38,15.565770496619022,66.48171597753738,1.0,0.9936251065187178,0.6770068677569945,1.0,True
chb15,chb15_12,38,38,13.50050708121189,62.14327667693272,1.0,0.9829163602170665,0.6426126659446659,1.0,True
chb15,chb15_13,38,38,15.9543094628126,186.98732344083658,1.0,0.9706540583998772,0.5719363769726014,1.0,True
chb15,chb15_14,38,38,13.443119809228882,103.11024271814573,1.0,0.9794920327282348,0.505726303105503,1.0,True
chb15,chb15_15,38,38,19.563956108277463,182.6237322543323,1.0,0.9925032522997048,0.6753920690544996,1.0,True
chb15,chb15_16,38,37,14.49257696677199,86.10565408853921,1.0,0.9982183645424427,0.5976226931419829,0.9736842105263158,True
chb15,chb15_17,38,38,11.929519210573023,58.77606900477753,1.0,0.9990193743553039,0.7093760831047332,1.0,True
chb15,chb15_19,38,36,18.445337254358023,179.1817211747861,1.0,0.9661390784793865,0.5943272087054164,0.9473684210526315,True
chb15,chb15_20,38,38,18.01826238111793,167.0692996940076,1.0,0.993018120418332,0.7532496552753148,1.0,True
chb15,chb15_22,38,36,20.88489643413783,129.95655336901305,1.0,0.9963407694667776,0.7049355637960505,0.9473684210526315,True
chb15,chb15_26,38,31,21.56682044545505,138.53322680696556,1.0,0.9984010226151304,0.7565488246774451,0.8157894736842105,True
chb15,chb15_28,38,32,14.91026111212124,85.16194526703573,1.0,0.9980512772658124,0.6449833873665097,0.8421052631578947,True
chb15,chb15_29,38,32,20.393601786171267,92.93531905085071,1.0,0.998232146580918,0.6010059227280142,0.8421052631578947,True
chb15,chb15_30,38,32,18.014664727048014,44.396850788870694,1.0,0.9983117442940084,0.6025908895668485,0.8421052631578947,True
chb15,chb15_31,38,33,12.409659481698846,65.93388221834849,1.0,0.998431754183687,0.6269455753444673,0.868421052631579,True
chb15,chb15_32,38,33,14.540330894413678,86.97810718038873,1.0,0.9986582520200252,0.6131128039006545,0.868421052631579,True
chb15,chb15_33,38,31,16.76030693669606,45.10692756851817,1.0,0.9966176201190918,0.519146338832082,0.8157894736842105,True
chb15,chb15_35,38,31,13.541693964387674,166.88780183675706,1.0,0.9966750249152143,0.47913485172494963,0.8157894736842105,True
chb15,chb15_37,38,32,12.168434571350582,126.25471795639527,1.0,0.9982899099770538,0.5832109529116936,0.8421052631578947,True
chb15,chb15_40,38,35,19.48098103593273,211.28117390316748,1.0,0.9998324184255692,0.9005149592499502,0.9210526315789473,True
chb15,chb15_45,38,35,24.66796165916519,247.04460027787647,1.0,0.9999127139051901,0.7550832469534194,0.9210526315789473,True
chb15,chb15_46,38,33,22.261504085203384,212.88215260531052,1.0,0.9998948595247071,0.7607306834321936,0.868421052631579,True
chb15,chb15_49,38,30,28.757230613570012,192.39813915312078,1.0,0.9985899921656106,0.563666890702771,0.7894736842105263,True
chb15,chb15_50,38,31,16.835060132458594,144.9161850749301,1.0,0.9989392158594523,0.5413079113417312,0.8157894736842105,True
chb15,chb15_51,38,31,14.097702355602841,121.28369035622487,1.0,0.9988875846711813,0.6183290155230152,0.8157894736842105,True
chb15,chb15_52,38,31,18.55533182470461,106.53523931571928,1.0,0.9986652674165765,0.6031286703940751,0.8157894736842105,True
chb15,chb15_54,38,32,16.615123439745187,74.31734624679243,1.0,0.9987257571570968,0.47372208248764924,0.8421052631578947,True
chb15,chb15_61,38,32,13.993596708747202,181.37472154787676,1.0,0.9995275236689838,0.5731106622144524,0.8421052631578947,True
chb15,chb15_62,38,33,17.13100164190597,128.40759784205187,1.0,0.9996998130316742,0.37197566779894287,0.868421052631579,True
chb15,chb15_63,38,32,13.765657764544315,156.17587167956242,1.0,0.9996100994471624,0.5565149027505197,0.8421052631578947,True
chb16,chb16_01,28,13,36.39390267739827,720.469897885959,1.0,0.9840353218059043,0.23694003265226868,0.4642857142857143,True
chb16,chb16_02,28,17,29.01845237528191,170.01345719905783,1.0,0.9098006410615711,0.2974865540745735,0.6071428571428571,True
chb16,chb16_03,28,9,33.22058052537193,194.45724070400234,1.0,0.7285197309113222,0.21824415397628047,0.32142857142857145,True
chb16,chb16_04,28,9,28.429269059603335,194.08200138969008,1.0,0.8900302296403828,0.2641900773637205,0.32142857142857145,True
chb16,chb16_05,28,20,42.009028355749805,189.83695498061283,1.0,0.9816515324960773,0.2429269131656504,0.7142857142857143,True
chb16,chb16_06,28,21,47.286105613923844,158.12435065472027,1.0,0.9898267204766453,0.06761866424201582,0.75,True
chb16,chb16_07,28,21,47.975385333589074,156.451115757018,1.0,0.9888515892924861,0.07489904509741002,0.75,True
chb16,chb16_08,28,22,20.241845872141177,150.13187281231646,1.0,0.988808999810178,0.09308186379476452,0.7857142857142857,True
chb16,chb16_09,28,21,41.56924767974826,160.33648864257816,1.0,0.9888564343010751,0.24223390462605748,0.75,True
chb16,chb16_10,28,10,36.52964334803845,170.3759303952384,1.0,0.7859583358846286,0.27857813185066294,0.35714285714285715,True
chb16,chb16_11,28,14,35.46396510295288,181.3485800908921,1.0,0.8302375238088643,0.27122389725290325,0.5,True
chb16,chb16_12,28,22,42.112370461980845,168.97831820464154,1.0,0.984368976957063,0.11984017195905249,0.7857142857142857,True
chb16,chb16_13,28,22,15.943602795963795,102.03901880806079,1.0,0.9833856781716793,0.07765509853708515,0.7857142857142857,True
chb16,chb16_14,28,22,39.28844264547012,185.05762899316713,1.0,0.984751958485434,0.08321777051237261,0.7857142857142857,True
chb16,chb16_15,28,22,29.23550764032415,184.86908756407843,1.0,0.9846004564625963,0.28480791233446384,0.7857142857142857,True
chb16,chb16_16,28,11,45.64662486097495,534.6985894458462,1.0,0.9103118037841978,0.3293802683576239,0.39285714285714285,True
chb16,chb16_17,28,11,36.343566931378845,511.48494400942565,1.0,0.9971764125778695,0.3174547734041889,0.39285714285714285,True
chb16,chb16_18,22,15,44.176316914624095,150.86009895720443,1.0,0.7846116863254913,0.5025077405335058,0.6818181818181818,True
chb16,chb16_19,22,7,40.661537524676504,252.78416691534085,1.0,0.5422605331040279,0.27115634636351693,0.3181818181818182,True
chb17,chb17a_03,28,28,22.753066290290686,136.4397520075943,1.0,0.9998931145659143,0.8814902624680607,1.0,True
chb17,chb17a_04,28,28,22.150729004149525,144.79578797447343,1.0,0.9999507307282357,0.9495017281574136,1.0,True
chb17,chb17a_05,28,24,29.249382445548846,121.11922101716411,1.0,0.9953009357662116,0.2626743089171144,0.8571428571428571,True
chb17,chb17a_06,28,28,27.79800505074325,97.83812816945893,1.0,0.9948353242828376,0.13544796727422487,1.0,True
chb17,chb17a_08,28,28,25.825600013776974,159.8403022213777,1.0,0.9997532410485125,0.342407256607755,1.0,True
chb17,chb17b_57,28,27,29.115855843576757,186.91922852433166,1.0,0.9995603277782474,0.30752586366053297,0.9642857142857143,True
chb17,chb17b_58,28,26,28.46093689102098,189.75885326874226,1.0,0.9993351613105945,0.28274029948941803,0.9285714285714286,True
chb17,chb17b_59,28,28,36.24505928403492,170.2683980161913,1.0,0.999307705696453,0.26740946202391114,1.0,True
chb17,chb17b_60,28,28,43.5352242984489,163.53700566182485,1.0,0.9996891159704359,0.22633788158899465,1.0,True
chb17,chb17b_63,28,28,31.68556711930762,161.93601615101895,1.0,0.9987600031658954,0.36333708036597934,1.0,True
chb17,chb17b_67,28,28,23.821025292400503,108.79196788314675,1.0,0.9945714773146928,0.17491623302266504,1.0,True
chb17,chb17b_68,28,28,39.98149790487324,181.98352328201202,1.0,0.9952011572160474,0.41847698928218685,1.0,True
chb17,chb17b_69,28,28,0.19536019536019467,127.58281702567915,1.0,0.9960300195552805,0.43300110278571147,1.0,True
chb17,chb17c_02,28,28,31.149530412481244,168.99033987384482,1.0,0.9980654941018032,0.04504291256457725,1.0,True
chb17,chb17c_03,28,28,22.42848002970763,218.76638649091475,1.0,0.9860283342183833,0.07041365808935175,1.0,True
chb17,chb17c_04,28,28,25.220091541470786,112.3643884016274,1.0,0.9773804639174272,0.016711923926537996,1.0,True
chb17,chb17c_05,28,28,20.940955435838017,210.62510797123255,1.0,0.9875670885580963,0.02989134272013088,1.0,True
chb17,chb17c_06,28,28,24.042309463748133,209.03570563199054,1.0,0.9890224107823533,0.04568045158338235,1.0,True
chb17,chb17c_07,28,28,22.145416396630473,169.3286309935177,1.0,0.9860092325657083,0.036343763883699365,1.0,True
chb17,chb17c_08,28,28,28.22573580929822,522.7089712998221,1.0,0.999917434142694,0.9265620286352877,1.0,True
chb17,chb17c_13,22,15,26.940287375175842,186.7869660600223,1.0,0.9936364146798342,0.42039571107910156,0.6818181818181818,True
chb18,chb18_01,22,16,15.533122585926453,155.8698573316674,1.0,0.9922883000145075,0.29346879037492596,0.7272727272727273,True
chb18,chb18_02,28,21,13.852767562553458,112.38459799126417,1.0,0.9960005601867338,0.26901192922236966,0.75,True
chb18,chb18_03,28,21,12.722705571795288,119.54804194795604,1.0,0.9968530729424934,0.3167076226103552,0.75,True
chb18,chb18_04,28,20,15.604244281557223,116.34461111324295,1.0,0.9950631859711402,0.3049171419804825,0.7142857142857143,True
chb18,chb18_05,28,20,15.0199148342717,137.9519216077645,1.0,0.9970530824059091,0.30318457964240236,0.7142857142857143,True
chb18,chb18_06,28,20,10.681687952630153,129.96281911215905,1.0,0.9970865861702566,0.24636498841471285,0.7142857142857143,True
chb18,chb18_07,28,20,13.028593239378365,135.911355402985,1.0,0.997067091688606,0.3363102196968254,0.7142857142857143,True
chb18,chb18_08,28,23,13.702553290700042,123.74542648866746,1.0,0.9983829394365531,0.28176558825788955,0.8214285714285714,True
chb18,chb18_09,28,26,19.171750433860705,60.00549152097385,1.0,0.9981707433231883,0.3293352817605711,0.9285714285714286,True
chb18,chb18_10,28,26,9.872456504461592,42.66774770121393,1.0,0.9982115195244906,0.08052042321068663,0.9285714285714286,True
chb18,chb18_11,28,26,17.389573926523795,53.91025397323166,1.0,0.9978634424218124,0.06803828958620778,0.9285714285714286,True
chb18,chb18_12,28,26,15.85501049566659,118.62130754552783,1.0,0.9970616286666432,0.36878653325606453,0.9285714285714286,True
chb18,chb18_13,28,26,11.899452491516776,47.61876355278806,1.0,0.9983938776481157,0.17728633260562787,0.9285714285714286,True
chb18,chb18_14,28,26,12.76251327582709,59.34870953064677,1.0,0.998552254048751,0.3107489519682295,0.9285714285714286,True
chb18,chb18_15,28,26,11.72880434221522,132.38905910634463,1.0,0.9988691073578616,0.24575589182567478,0.9285714285714286,True
chb18,chb18_16,28,21,15.55531384471887,119.52627366156356,1.0,0.9989562205274023,0.307142419611639,0.75,True
chb18,chb18_17,28,20,14.385793113615602,119.26504432512843,1.0,0.9983240894660224,0.29373025754321175,0.7142857142857143,True
chb18,chb18_18,28,21,15.18008937342079,124.80951018630337,1.0,0.9993299093577297,0.4173071397769532,0.75,True
chb18,chb18_19,28,20,19.07497504487632,138.24969204163668,1.0,0.9993272667526161,0.29953033861917755,0.7142857142857143,True
chb18,chb18_20,28,21,22.615317942573256,147.48492169450944,1.0,0.9992211107693882,0.39156017772824914,0.75,True
chb18,chb18_21,28,17,27.391789736429292,163.17653924736416,1.0,0.998869501413889,0.4377163251906736,0.6071428571428571,True
chb18,chb18_22,28,21,21.442282050839204,125.47225575048861,1.0,0.9994431893096013,0.4429407449315545,0.75,True
chb18,chb18_23,28,21,16.38597709797767,131.47750181272337,1.0,0.999611453599618,0.3798459759604682,0.75,True
chb18,chb18_24,28,25,21.029789414623735,94.51360229992011,1.0,0.9997442678350943,0.24541326119209278,0.8928571428571429,True
chb18,chb18_25,28,25,16.379663725171312,51.35187312218035,1.0,0.999747180955889,0.3149342141051431,0.8928571428571429,True
chb18,chb18_26,28,23,22.184924605481427,99.32154579129046,1.0,0.999623615238132,0.3082206891432204,0.8214285714285714,True
chb18,chb18_27,28,26,13.686333405063031,72.12257792637206,1.0,0.9995202462666305,0.308856347418345,0.9285714285714286,True
chb18,chb18_28,28,26,14.734928309870703,60.512475267745444,1.0,0.9997141248211067,0.28566700103675324,0.9285714285714286,True
chb18,chb18_29,28,26,11.139793271152241,99.37644791951283,1.0,0.9997595002314068,0.3099184016461738,0.9285714285714286,True
chb18,chb18_30,28,26,15.399230889603064,103.94631870588329,1.0,0.9998226375138278,0.39928523351322254,0.9285714285714286,True
chb18,chb18_31,28,21,17.531823575780194,147.94870145641698,1.0,0.9794299001479558,0.38521902886013565,0.75,True
chb18,chb18_32,28,28,23.605157734606415,359.1739275923646,1.0,0.9988893522327731,0.9322596423129131,1.0,True
chb18,chb18_33,28,28,12.601360745633558,73.31079766132989,1.0,0.9995434582672063,0.26770415600971553,1.0,True
chb18,chb18_34,28,28,15.265167761569632,135.89431669535716,1.0,0.9979125612116911,0.3442667533587385,1.0,True
chb18,chb18_35,28,28,14.249188175735652,158.54924965062253,1.0,0.9999780572129939,0.9550556094663688,1.0,True
chb18,chb18_36,28,28,16.965415834868814,147.85462511831625,1.0,0.9949152515247491,0.32285312680241934,1.0,True
chb19,chb19_01,22,15,16.95732855562624,92.50835753891835,1.0,0.9585165772649511,0.37468761655762967,0.6818181818181818,True
chb19,chb19_02,28,10,18.843690363481194,99.26951124163243,1.0,0.9013361721768056,0.37762805093752505,0.35714285714285715,True
chb19,chb19_03,28,14,16.610716507552173,127.37171875488316,1.0,0.9300817967035153,0.39733257399466104,0.5,True
chb19,chb19_04,28,13,15.049561553363004,78.24969282302142,1.0,0.9822147678279503,0.37993748900381086,0.4642857142857143,True
chb19,chb19_05,28,24,17.43357816257045,123.42119095963287,1.0,0.9913455244533957,0.40740728902280465,0.8571428571428571,True
chb19,chb19_06,28,25,13.819841761162706,82.0325357240788,1.0,0.985203565819865,0.4336972183566448,0.8928571428571429,True
chb19,chb19_07,28,27,24.84705270659039,58.394283846211536,1.0,0.9864152904193265,0.43713367644437623,0.9642857142857143,True
chb19,chb19_08,28,27,13.802930010519066,95.92403357726776,1.0,0.9854437473314593,0.39075029910705483,0.9642857142857143,True
chb19,chb19_09,28,8,20.491765827837785,59.309358783907626,1.0,0.4104398167382571,0.01824125636663644,0.2857142857142857,True
chb19,chb19_10,28,16,12.289784411863781,72.25125488531451,1.0,0.7868056060279679,0.018859965708839296,0.5714285714285714,True
chb19,chb19_11,28,19,12.08663357657672,51.95123613215235,1.0,0.8680077860882828,0.0273797023373535,0.6785714285714286,True
chb19,chb19_12,28,20,11.792773020038627,88.87514709041241,1.0,0.9086656626226811,0.04356144582516505,0.7142857142857143,True
chb19,chb19_13,28,21,13.219870328014235,124.16311334678223,1.0,0.9124829889202952,0.2872508209176428,0.75,True
chb19,chb19_14,28,21,12.333723132383966,100.09831209314545,1.0,0.8847738234381352,0.09462670369488974,0.75,True
chb19,chb19_15,28,20,17.8888692183154,88.9842877892963,1.0,0.9607058597213433,0.3760268418694501,0.7142857142857143,True
chb19,chb19_16,28,22,13.349011071171969,103.91015598126428,1.0,0.9946416881661116,0.3890333976897506,0.7857142857142857,True
chb19,chb19_17,28,23,18.617136709755847,88.76295694600203,1.0,0.9969185543778166,0.37049004107953026,0.8214285714285714,True
chb19,chb19_18,28,23,20.33402482653752,105.62761739136783,1.0,0.9934927909454038,0.37459254806005476,0.8214285714285714,True
chb19,chb19_19,28,19,17.97346637188336,91.7896101974746,1.0,0.9944726105349792,0.3944902084865321,0.6785714285714286,True
chb19,chb19_20,28,22,16.36256954906654,87.36437268592202,1.0,0.9927385697285224,0.42244575462727085,0.7857142857142857,True
chb19,chb19_21,28,22,15.39664545187718,85.0350854868851,1.0,0.9915008646409336,0.3863433964501204,0.7857142857142857,True
chb19,chb19_22,28,28,14.591715330015344,106.50450412763365,1.0,0.9952383629798758,0.34932646141410073,1.0,True
chb19,chb19_23,28,28,12.427894558915277,115.31195193344955,1.0,0.9967069249648473,0.40729539523814207,1.0,True
chb19,chb19_24,28,28,16.382236216758837,112.59183005273833,1.0,0.998105198261658,0.3614529940439065,1.0,True
chb19,chb19_25,28,28,11.004060392407673,85.5138883047157,1.0,0.9973270864786344,0.2240908866358651,1.0,True
chb19,chb19_26,28,28,16.964785832935483,122.9001659699441,1.0,0.9999096885866819,0.5913154472737775,1.0,True
chb19,chb19_27,28,28,22.764487039681747,90.94413145751373,1.0,0.9992755516464797,0.08955711578413984,1.0,True
chb19,chb19_28,28,28,33.774196389891486,257.2881465505788,1.0,0.9998926194434616,0.5754094087640206,1.0,True
chb19,chb19_29,28,28,28.269748733708216,294.52394353281585,1.0,0.99993463736039,0.5899876958251667,1.0,True
chb19,chb19_30,28,28,22.469392367576148,261.2945041630829,1.0,0.9996736908220855,0.4761759981348761,1.0,True
chb20,chb20_01,28,28,33.5222534216082,87.37761102088028,1.0,0.9981010867792074,0.1850138176409246,1.0,True
chb20,chb20_02,28,26,30.08151596534291,73.76835290433979,1.0,0.9985774612184021,0.2266150442049475,0.9285714285714286,True
chb20,chb20_03,28,26,32.6455387726784,104.43638310821629,1.0,0.999224968807616,0.2516531005011066,0.9285714285714286,True
chb20,chb20_04,28,28,32.12388729372835,97.73272361366656,1.0,0.9989672888066617,0.31484202100417974,1.0,True
chb20,chb20_05,28,28,30.87198634897731,73.62069335547446,1.0,0.999321840451015,0.3816556855006729,1.0,True
chb20,chb20_06,28,28,29.738296160526588,76.32091304890182,1.0,0.9998679231718619,0.5401543814667101,1.0,True
chb20,chb20_07,28,28,26.607611051547767,61.34702588748901,1.0,0.9998180046257394,0.5844393781696218,1.0,True
chb20,chb20_08,28,28,31.281138698414324,104.92726943797734,1.0,0.9999160163401871,0.6913033600810204,1.0,True
chb20,chb20_11,28,28,41.642425133690956,108.63126439485038,1.0,0.9997687708493493,0.19502689130853626,1.0,True
chb20,chb20_12,28,28,26.4988311299014,97.65117836048356,1.0,0.9997683440013153,0.27663416330245233,1.0,True
chb20,chb20_13,28,28,25.633227231001413,71.8917396843664,1.0,0.9997539573502235,0.2756098202646562,1.0,True
chb20,chb20_14,28,28,31.954927038400342,100.34611032314767,1.0,0.999765018274849,0.24065937809250237,1.0,True
chb20,chb20_15,28,28,25.82744224311263,98.05073607805643,1.0,0.999771006223004,0.2551051115809326,1.0,True
chb20,chb20_16,28,28,27.174302603326648,89.99225141897013,1.0,0.9997666721235284,0.27842530347932143,1.0,True
chb20,chb20_17,28,28,28.623152292271445,93.43317510367272,1.0,0.9996027921100475,0.4214556792636921,1.0,True
chb20,chb20_21,28,28,38.679349809785975,348.1768166778639,1.0,0.9998364011927506,0.9697845438106396,1.0,True
chb20,chb20_22,28,26,33.61147418592576,75.88982455579392,1.0,0.9992328888670072,0.3435108206755832,0.9285714285714286,True
chb20,chb20_23,28,21,34.8441554759006,152.80519028855312,1.0,0.9873406298475549,0.11630452070039159,0.75,True
chb20,chb20_25,28,28,37.3193697470956,107.67547474110977,1.0,0.9996620817989712,0.2244377428627896,1.0,True
chb20,chb20_26,28,28,30.06715355606798,323.95131699809104,1.0,0.9997756119321641,0.5184577987160472,1.0,True
chb20,chb20_27,28,28,34.264535555100586,91.77853218143966,1.0,0.9996034995262842,0.19977419274247446,1.0,True
chb20,chb20_28,28,28,35.936826229098145,106.3212617961478,1.0,0.9991148832622357,0.16570189807219232,1.0,True
chb20,chb20_29,28,27,36.56034467109954,164.55035446682754,1.0,0.9995976845181864,0.81191775282603,0.9642857142857143,True
chb20,chb20_30,28,27,29.572807537599584,83.73461138614184,1.0,0.9988774342027505,0.13887833724097873,0.9642857142857143,True
chb20,chb20_31,28,24,27.731159528442845,121.59376650122702,1.0,0.9933482842164729,0.11052740350518876,0.8571428571428571,True
chb20,chb20_34,28,28,31.995866311371643,242.21974664262385,1.0,0.9997650100467412,0.1458451476749634,1.0,True
chb20,chb20_59,28,28,39.72599887773137,111.73007950010724,1.0,0.9978475853220652,0.10795957363281287,1.0,True
chb20,chb20_60,28,28,39.72238230155226,101.32906601644571,1.0,0.9967990276460795,0.02271310951108618,1.0,True
chb20,chb20_68,28,28,26.1177660172123,98.37167027894276,1.0,0.9985176541678701,0.07975801251147778,1.0,True
chb21,chb21_01,28,9,26.031226226104003,108.238977977778,1.0,0.9382573560162963,0.1972915813766347,0.32142857142857145,True
chb21,chb21_02,28,9,22.612247303339643,114.17736820767233,1.0,0.9688569560212925,0.18968883385238786,0.32142857142857145,True
chb21,chb21_03,28,8,23.017941492750374,96.7723175326103,1.0,0.9679860862347611,0.2008197847753905,0.2857142857142857,True
chb21,chb21_04,28,8,24.80260090284174,105.84551853524165,1.0,0.9550187989209371,0.19324165018004832,0.2857142857142857,True
chb21,chb21_05,28,8,24.79328930449116,105.39213309444727,1.0,0.9549109755017646,0.31876960237375956,0.2857142857142857,True
chb21,chb21_06,28,9,26.37558269782436,103.01608078510203,1.0,0.960362681770269,0.29541730522141674,0.32142857142857145,True
chb21,chb21_07,28,12,21.09166393109786,100.1883722020609,1.0,0.9735876204595212,0.19057618136339355,0.42857142857142855,True
chb21,chb21_08,28,21,24.040748583567755,93.67214117493337,1.0,0.9831544637389134,0.200618410144486,0.75,True
chb21,chb21_09,28,23,45.32258707003558,107.82502645296162,1.0,0.985991106825616,0.015113039983875552,0.8214285714285714,True
chb21,chb21_10,28,23,32.71448172118107,111.30705341018245,1.0,0.9907546637859133,0.031136740213206886,0.8214285714285714,True
chb21,chb21_11,28,23,37.000463472242316,109.10535703337688,1.0,0.9939825564350414,0.019581193328843765,0.8214285714285714,True
chb21,chb21_12,28,23,30.02771916504325,96.3839615053263,1.0,0.9957591836095644,0.013918445552847842,0.8214285714285714,True
chb21,chb21_13,28,23,30.92596304433326,104.68700338279129,1.0,0.9965039994733481,0.022842031021082974,0.8214285714285714,True
chb21,chb21_14,28,20,25.83429568361305,112.39451576637836,1.0,0.9988134050717337,0.14398118822948608,0.7142857142857143,True
chb21,chb21_15,28,18,23.518586731842376,112.1962435911203,1.0,0.9984546796039353,0.22080861681851244,0.6428571428571429,True
chb21,chb21_16,28,13,25.83268252143681,140.2688088888074,1.0,0.9971553263162986,0.24363924344545254,0.4642857142857143,True
chb21,chb21_17,28,14,24.24196656949598,119.4633604773842,1.0,0.9917406300922971,0.3526771782024045,0.5,True
chb21,chb21_18,28,17,21.273218809516784,99.75388678572834,1.0,0.9939951545921532,0.2849577205012619,0.6071428571428571,True
chb21,chb21_19,28,22,25.571234466842945,150.90750162184793,1.0,0.9925370253115827,0.36401018160821697,0.7857142857142857,True
chb21,chb21_20,28,18,27.02006349580469,154.66191853844964,1.0,0.9871316828258304,0.3044844184657602,0.6428571428571429,True
chb21,chb21_21,28,12,23.942720670362924,138.26649577213618,1.0,0.9519368626125578,0.22530382049900832,0.42857142857142855,True
chb21,chb21_22,28,12,26.054556657031732,153.51798471361946,1.0,0.9514694251522834,0.2908013098009862,0.42857142857142855,True
chb21,chb21_23,28,14,22.641409277695534,104.2877125761425,1.0,0.8967351613476798,0.24771394067833963,0.5,True
chb21,chb21_24,28,13,25.188528652761164,158.35618115220478,1.0,0.8249434729458138,0.32277070688944576,0.4642857142857143,True
chb21,chb21_25,28,26,27.850085426320604,187.07365287062385,1.0,0.9716898009943917,0.3359343986017456,0.9285714285714286,True
chb21,chb21_26,28,28,56.53179940409977,104.33876414371026,1.0,0.9876292392466874,0.016181195048437638,1.0,True
chb21,chb21_27,28,28,27.524191208155525,172.29990276909797,1.0,0.9940706237151744,0.060451904512393025,1.0,True
chb21,chb21_28,28,28,31.983399003450927,152.65943331743378,1.0,0.9959609456654276,0.0393977468705427,1.0,True
chb21,chb21_29,28,28,34.474539708645125,214.5071307947195,1.0,0.9992761646748678,0.30957830779439566,1.0,True
chb21,chb21_30,28,17,27.32725575722783,144.69735602110433,1.0,0.9934015290872729,0.3055399691701461,0.6071428571428571,True
chb21,chb21_31,28,25,30.63003865331408,340.83605530558816,1.0,0.9709333106322157,0.29287992230980553,0.8928571428571429,True
chb21,chb21_32,28,26,33.32068018057082,104.43793480439827,1.0,0.9765376085747597,0.20873087031602183,0.9285714285714286,True
chb21,chb21_33,28,27,58.01178469589966,111.84405441667387,1.0,0.9793872528514962,0.05786008714025204,0.9642857142857143,True
chb22,chb22_01,28,14,30.258157694217584,118.90068471121818,1.0,0.9942470154925929,0.3071295661401109,0.5,True
chb22,chb22_02,28,20,35.29558222776309,126.17600477331305,1.0,0.9983586053935828,0.39224766028933283,0.7142857142857143,True
chb22,chb22_03,28,21,33.41504053865179,132.27837842045454,1.0,0.9982596184527275,0.16768704110821134,0.75,True
chb22,chb22_04,28,22,35.55217103200998,108.91272624412728,1.0,0.9984808899212705,0.1062627694418312,0.7857142857142857,True
chb22,chb22_05,28,19,23.033466317240503,87.79537078555266,1.0,0.9987201860660969,0.24241147782833122,0.6785714285714286,True
chb22,chb22_06,28,20,24.510484943787013,134.4255775742927,1.0,0.9990833378135301,0.22503511117971117,0.7142857142857143,True
chb22,chb22_07,28,19,31.985528050880095,108.85846530598127,1.0,0.9990616847162741,0.3644870560563384,0.6785714285714286,True
chb22,chb22_08,28,15,26.642031925817356,178.43797627182502,1.0,0.9981964844082389,0.42020336517531587,0.5357142857142857,True
chb22,chb22_09,28,13,36.37075774203099,172.5682571551232,1.0,0.9970191150181674,0.28589091513074105,0.4642857142857143,True
chb22,chb22_10,28,13,40.43545903018624,156.8339849199177,1.0,0.9979420202387849,0.35104808778280805,0.4642857142857143,True
chb22,chb22_11,28,12,48.50321412746288,210.10880952025673,1.0,0.9963626312065207,0.2879694367383211,0.42857142857142855,True
chb22,chb22_15,28,16,55.48315733632933,203.39648816540333,1.0,0.9639610777642831,0.2997107150403117,0.5714285714285714,True
chb22,chb22_16,28,10,48.89854371879396,177.10206325091002,1.0,0.9437082007143484,0.33947747847633963,0.35714285714285715,True
chb22,chb22_17,28,10,43.470693077843286,147.10414168730154,1.0,0.9482398256893272,0.26805592842967135,0.35714285714285715,True
chb22,chb22_18,28,13,34.119305201674614,170.13731222507857,1.0,0.9629679913603146,0.3780911997819515,0.4642857142857143,True
chb22,chb22_19,28,13,35.71548481282579,172.45558934573134,1.0,0.9620235201052774,0.28426697397596856,0.4642857142857143,True
chb22,chb22_20,28,12,43.912567633377854,169.47266322138046,1.0,0.9493720099163524,0.3297130894503663,0.42857142857142855,True
chb22,chb22_21,28,24,45.0955101032165,226.46129787578792,1.0,0.990326825827918,0.3074669978601026,0.8571428571428571,True
chb22,chb22_22,28,25,58.92437642417573,137.78270663623164,1.0,0.9923735047116327,0.2577459913671901,0.8928571428571429,True
chb22,chb22_23,28,15,37.756068536968925,156.77415716747532,1.0,0.9863059413260912,0.31716757126925443,0.5357142857142857,True
chb22,chb22_24,28,15,41.17029387249456,177.07318341915678,1.0,0.9863966685338392,0.3402170280828254,0.5357142857142857,True
chb22,chb22_25,28,18,35.76266239606852,182.6043994865382,1.0,0.9920160888422555,0.334660424635834,0.6428571428571429,True
chb22,chb22_26,28,27,30.286700884044116,116.56136270369561,1.0,0.992946139286123,0.01988649993685085,0.9642857142857143,True
chb22,chb22_27,28,27,39.36321698548595,103.68962324919475,1.0,0.9963811452181546,0.038620787702938655,0.9642857142857143,True
chb22,chb22_28,28,27,23.91685683583942,73.1112631906334,1.0,0.9990503548972898,0.038917510634387156,0.9642857142857143,True
chb22,chb22_29,28,27,32.87491778554354,114.90921871000465,1.0,0.9970031015218865,0.04538148911644484,0.9642857142857143,True
chb22,chb22_30,28,27,22.918207304796013,80.4817993033374,1.0,0.9981166895851332,0.04101827396478149,0.9642857142857143,True
chb22,chb22_38,28,16,36.70147415784025,178.51704456262163,1.0,0.978146323784184,0.32270978296600095,0.5714285714285714,True
chb22,chb22_51,28,24,36.82919906189598,272.16648991920385,1.0,0.9877658323436458,0.31654417546462194,0.8571428571428571,True
chb22,chb22_54,28,28,61.17628079778392,291.9118117095194,1.0,0.9971343508631172,0.24873314643084513,1.0,True
chb22,chb22_77,28,15,46.73591573731291,131.74187612712433,1.0,0.9919310251645154,0.17812921973262313,0.5357142857142857,True
chb23,chb23_06,23,22,27.654021752350477,180.98814687645714,0.0,0.9990114279993304,0.46003495932198873,0.9565217391304348,True
chb23,chb23_07,23,20,27.441455589177053,109.82606300730045,0.0,0.9993717857352518,0.5093065568789311,0.8695652173913043,True
chb23,chb23_08,23,23,27.962257700944132,233.00882960998712,0.0,0.9997790307312872,0.7449973361064738,1.0,True
chb23,chb23_09,23,23,27.401307403794878,231.21519312307683,0.05227864583333333,0.9999230347259805,0.9319211585649348,1.0,True
chb23,chb23_10,23,17,30.525408600353394,190.81805644232003,0.0,0.984650227246073,0.34026385949462384,0.7391304347826086,True
chb23,chb23_16,23,19,28.65376730988361,171.98054195235287,0.0,0.98735009688999,0.3103589563153635,0.8260869565217391,True
chb23,chb23_17,23,17,27.5495025487804,205.12150215805727,0.0,0.9990943157132258,0.30538887154559297,0.7391304347826086,True
chb23,chb23_19,23,20,26.620330930809047,127.96710342171404,0.078125,0.9465922876169529,0.1805157695536599,0.8695652173913043,True
chb23,chb23_20,23,20,21.757380298337637,133.5224933275209,0.051171875,0.9666986064796215,0.17584323263436757,0.8695652173913043,True
chb24,chb24_01,23,2,39.90559862310774,271.17100944048036,0.0,0.7036135011897132,0.24020299427947178,0.08695652173913043,True
chb24,chb24_03,23,10,43.02408459491745,488.27626401457894,0.0,0.9931132267032448,0.49868152628776985,0.43478260869565216,True
chb24,chb24_04,23,5,59.94767182741879,293.41715554606407,0.020442708333333334,0.8087548610014629,0.33881306937410566,0.21739130434782608,True
chb24,chb24_06,23,3,33.37073537466904,232.40281504998245,0.025260416666666667,0.7082199922573907,0.2518004210316083,0.13043478260869565,True
chb24,chb24_07,23,5,66.42299119293119,240.1344494709118,0.04296875,0.6717808708015931,0.05520173288243443,0.21739130434782608,True
chb24,chb24_09,23,5,29.956054081779023,238.76340455159192,0.0,0.8283982137558638,0.09615642429282967,0.21739130434782608,True
chb24,chb24_11,23,5,27.93298745109746,211.03827593416847,0.0,0.8934445380957058,0.044730959364607685,0.21739130434782608,True
chb24,chb24_13,23,6,30.426473757222656,204.9227852964755,0.0,0.9029357797118166,0.268065436958877,0.2608695652173913,True
chb24,chb24_14,23,6,31.223949116525084,239.1573229973996,0.0,0.9071985916841644,0.049721429528464256,0.2608695652173913,True
chb24,chb24_15,23,14,28.832085858628183,224.24230421919515,0.0,0.9883326020156827,0.2757300864125113,0.6086956521739131,True
chb24,chb24_17,23,7,45.49404360608145,259.0655503861217,0.0,0.8657837714853478,0.28331867816639456,0.30434782608695654,True
chb24,chb24_21,23,8,67.81343728748703,667.8168853077736,0.027278645833333334,0.9980995644684952,0.6638436922323688,0.34782608695652173,True
