subject_id,channel_index,channel_name,sample_count,mean_uv,m2_uv2,variance_uv2,std_uv,recording_count
subject_chb01_chb21,0,FP1-F7,67629312,0.005404532058442716,240209637317.60425,3551.8568829682054,59.59745701762958,75
subject_chb01_chb21,1,F7-T7,67629312,-0.004859259353249383,97528498262.83209,1442.103954315432,37.975043835595926,75
subject_chb01_chb21,2,T7-P7,67629312,-0.0006733577506504173,80926176022.33228,1196.613918271596,34.59210774543228,75
subject_chb01_chb21,3,P7-O1,67629312,0.0021650225094864677,57033838325.380905,843.3301572753085,29.04014733563362,75
subject_chb01_chb21,4,FP1-F3,67629312,0.004461570962056549,244238288356.71426,3611.4264825984665,60.095145249832505,75
subject_chb01_chb21,5,F3-C3,67629312,0.0014508802348017586,96134761790.02849,1421.4954868981736,37.702725191929744,75
subject_chb01_chb21,6,C3-P3,67629312,-0.002697464872584539,64099560352.07766,947.8073701544924,30.7864803144902,75
subject_chb01_chb21,7,P3-O1,67629312,-0.001223834456139581,76565226778.73303,1132.130795279021,33.64715136945505,75
subject_chb01_chb21,8,FZ-CZ,67629312,0.0031049284897813043,120845720265.2559,1786.883774083875,42.271548044563914,75
subject_chb01_chb21,9,CZ-PZ,67629312,-0.0027817653310943428,137411986610.466,2031.840670070191,45.07594336306442,75
subject_chb01_chb21,10,FP2-F4,67629312,0.0030142256637566063,244333605814.6379,3612.835893031677,60.10687059755879,75
subject_chb01_chb21,11,F4-C4,67629312,-0.0025091029233637575,96562172795.59325,1427.8153945377005,37.78644458714925,75
subject_chb01_chb21,12,C4-P4,67629312,0.008364710916168333,70655843723.29288,1044.7517745455236,32.32262016832057,75
subject_chb01_chb21,13,P4-O2,67629312,-0.0017839721611666564,105341232191.32472,1557.626849602207,39.46678159670746,75
subject_chb01_chb21,14,FP2-F8,67629312,0.004566156160342677,239966693894.39233,3548.2646029933344,59.56731153068211,75
subject_chb01_chb21,15,F8-T8,67629312,-0.003085568766401391,102845941154.59987,1520.7302590125398,38.996541628874475,75
subject_chb01_chb21,16,P8-O2,67629312,0.0017017110478990869,113846579088.39677,1683.3910581316688,41.0291488838322,75
subject_chb02,0,FP1-F7,32501504,-0.0049015540480897785,95143050265.70912,2927.3430012872363,54.10492585049199,36
subject_chb02,1,F7-T7,32501504,0.0005261421428559707,79678112180.21774,2451.520772091585,49.512834417871744,36
subject_chb02,2,T7-P7,32501504,0.00023156673528787299,81758330213.99141,2515.524518926614,50.15500492400149,36
subject_chb02,3,P7-O1,32501504,-0.004539661768949472,55036020421.63483,1693.337650517183,41.15018408849689,36
subject_chb02,4,FP1-F3,32501504,-0.000980216946286431,85471448696.76929,2629.7690315121813,51.281273692374114,36
subject_chb02,5,F3-C3,32501504,-0.0017565675926901184,70060043472.44109,2155.593891053198,46.42837377136096,36
subject_chb02,6,C3-P3,32501504,0.0039176514910439055,76985389644.99924,2368.6716050124705,48.669000452161235,36
subject_chb02,7,P3-O1,32501504,-0.009840978387712484,76366956322.9365,2349.643767960292,48.47312418196595,36
subject_chb02,8,FZ-CZ,32501504,0.002243935122392205,48928116185.623314,1505.4108322378963,38.79962412495637,36
subject_chb02,9,CZ-PZ,32501504,0.0022413648378347977,131236415336.02791,4037.8566892174563,63.5441318236189,36
subject_chb02,10,FP2-F4,32501504,0.0011332732832868885,122265304956.38927,3761.8352971108434,61.3338022391474,36
subject_chb02,11,F4-C4,32501504,-0.000660986163858261,38683951774.473274,1190.2203594785422,34.499570424550825,36
subject_chb02,12,C4-P4,32501504,-0.003872453253836203,90598198943.68205,2787.5078932864785,52.796854956393744,36
subject_chb02,13,P4-O2,32501504,0.004647400711137587,90158481373.73999,2773.978747990862,52.668574577169466,36
subject_chb02,14,FP2-F8,32501504,-0.0026944326127681926,131771279835.02812,4054.313296856297,63.67348974931637,36
subject_chb02,15,F8-T8,32501504,0.0032727320276687644,72682881206.5145,2236.292856063353,47.28945819168743,36
subject_chb02,16,P8-O2,32501504,-0.0015958903932113107,45602712019.430824,1403.0954388889456,37.45791557052989,36
subject_chb03,0,FP1-F7,35022336,0.005496427882791633,163806614634.0975,4677.204131503321,68.39008796238912,38
subject_chb03,1,F7-T7,35022336,-0.000672937489568376,119819065049.84494,3421.2185346472875,58.49118339243349,38
subject_chb03,2,T7-P7,35022336,-0.0010527460895975935,46597143934.506386,1330.4978838220952,36.47599051187089,38
subject_chb03,3,P7-O1,35022336,-6.939011014868188e-05,26867887238.37887,767.1643387345398,27.697731653233625,38
subject_chb03,4,FP1-F3,35022336,0.00072792785543039,129982546658.84103,3711.4185261326097,60.92141270631049,38
subject_chb03,5,F3-C3,35022336,0.00198308815984829,33434593767.036694,954.6648677871372,30.897651493068807,38
subject_chb03,6,C3-P3,35022336,0.0018900856443925188,26445655162.632507,755.1082589874219,27.479233231431728,38
subject_chb03,7,P3-O1,35022336,-0.0009566871120897095,34142592818.558502,974.8805110703781,31.223076579196647,38
subject_chb03,8,FZ-CZ,35022336,0.00235143416939651,35055453529.94413,1000.9456116789048,31.637724502228423,38
subject_chb03,9,CZ-PZ,35022336,-0.002258151083343742,43745789380.07293,1249.0825677668367,35.342362226750446,38
subject_chb03,10,FP2-F4,35022336,-0.0002484321012591511,129720837315.67354,3703.9458851537925,60.86005163614136,38
subject_chb03,11,F4-C4,35022336,0.005813561636601628,62434302341.001396,1782.699541829574,42.22202673758774,38
subject_chb03,12,C4-P4,35022336,0.005574105256304674,60797553590.15222,1735.9651163803642,41.664914693064766,38
subject_chb03,13,P4-O2,35022336,-0.007258667684693572,28187063994.192883,804.8310653576301,28.369544680125376,38
subject_chb03,14,FP2-F8,35022336,-0.00017754862186313513,188019188401.66132,5368.550755770869,73.27039481107542,38
subject_chb03,15,F8-T8,35022336,0.005138758633420387,83655446575.51701,2388.6312602196786,48.8736254049122,38
subject_chb03,16,P8-O2,35022336,-0.002195371066111916,17943984385.64218,512.3582957356751,22.635332905342374,38
subject_chb04,0,FP1-F7,143829504,0.0028659664170933453,1274780168613.0825,8863.134010481483,94.14421920904907,42
subject_chb04,1,F7-T7,143829504,-0.0007185039185922275,635349733484.9248,4417.381106208395,66.4633816940456,42
subject_chb04,2,T7-P7,143829504,-0.0011799025681870946,525381725879.152,3652.8091335081845,60.43847395085505,42
subject_chb04,3,P7-O1,143829504,0.002272332967864418,396219020250.33344,2754.782636602386,52.48602325002711,42
subject_chb04,4,FP1-F3,143829504,0.0009049903329172315,1036329781757.1346,7205.2656300416265,84.88383609405048,42
subject_chb04,5,F3-C3,143829504,3.671187358744727e-05,288557726583.26355,2006.2484994960669,44.791165417926635,42
subject_chb04,6,C3-P3,143829504,0.0003330001134941718,143139335957.48132,995.2014849295547,31.546814180350363,42
subject_chb04,7,P3-O1,143829504,0.001961215221311166,339732093137.25995,2362.0473108025176,48.60089825098419,42
subject_chb04,8,FZ-CZ,143829504,-0.0008235767351922922,257012168435.99146,1786.9224414205826,42.27200541044371,42
subject_chb04,9,CZ-PZ,143829504,0.0008187496106336041,208110288009.95514,1446.923490815592,38.03844753424608,42
subject_chb04,10,FP2-F4,143829504,-0.002838554345607371,1149729530012.3152,7993.697385011598,89.40747946906679,42
subject_chb04,11,F4-C4,143829504,0.0006744720428837163,355137936163.268,2469.1591522367207,49.690634451943964,42
subject_chb04,12,C4-P4,143829504,-0.0005827737819405078,726999271687.3229,5054.590688759678,71.09564465394261,42
subject_chb04,13,P4-O2,143829504,2.15395467634368e-05,766553618301.1595,5329.599261505898,73.0041044154772,42
subject_chb04,14,FP2-F8,143829504,-0.0016890856933053304,1124061063324.8494,7815.232842107621,88.40380558611501,42
subject_chb04,15,F8-T8,143829504,-0.0014498098314649841,565764785112.6494,3933.5794769385384,62.71825473447534,42
subject_chb04,16,P8-O2,143829504,-0.0006739427763508242,312706405467.69366,2174.1464495886303,46.62774334651668,42
subject_chb05,0,FP1-F7,35944960,-0.004013705846462107,228406466979.60275,6354.339161306696,79.71410892249061,39
subject_chb05,1,F7-T7,35944960,0.0016107715846005069,354307664563.1123,9856.949752151966,99.28217237828736,39
subject_chb05,2,T7-P7,35944960,-0.001232646359054308,166174994513.0221,4623.040184577257,67.99294216738423,39
subject_chb05,3,P7-O1,35944960,-0.0002861923732376321,266199821802.12598,7405.762081864216,86.05673757390653,39
subject_chb05,4,FP1-F3,35944960,0.00013211209459771398,239420772240.6469,6660.7605695109105,81.61348276792819,39
subject_chb05,5,F3-C3,35944960,-0.00391674765596453,322207518446.8001,8963.91367376122,94.67794713533463,39
subject_chb05,6,C3-P3,35944960,-0.002332857551837104,121659978721.4482,3384.618559081668,58.17747467088674,39
subject_chb05,7,P3-O1,35944960,0.002216664759358288,206326844977.54962,5740.077189612942,75.76329711418941,39
subject_chb05,8,FZ-CZ,35944960,-0.0024451070030083776,173403801105.9876,4824.147838973464,69.45608568709774,39
subject_chb05,9,CZ-PZ,35944960,0.004205261311424726,81234928189.88557,2259.9810429580552,47.53925791341358,39
subject_chb05,10,FP2-F4,35944960,-0.001608336349580007,156571625680.56503,4355.871467948915,65.99902626515724,39
subject_chb05,11,F4-C4,35944960,-0.003981074531625472,139289210311.8804,3875.06928125335,62.25005446787456,39
subject_chb05,12,C4-P4,35944960,-0.0013096646008801983,91674689625.42436,2550.4184627114446,50.50166792009393,39
subject_chb05,13,P4-O2,35944960,0.0034657752456683046,109507484809.05246,3046.5323875461945,55.19540186959593,39
subject_chb05,14,FP2-F8,35944960,-0.002657597133314123,177554046559.48856,4939.608962132343,70.28235171173729,39
subject_chb05,15,F8-T8,35944960,-0.0011770610133677248,190725227512.693,5306.035324916011,72.84253788080156,39
subject_chb05,16,P8-O2,35944960,0.0028171764039222028,112269922358.34795,3123.3842618922918,55.887245968040794,39
subject_chb06,0,FP1-F7,61502976,-0.004318410244834032,320777898191.2208,5215.648397099041,72.21944611459604,18
subject_chb06,1,F7-T7,61502976,0.004770852911291264,463248852793.8306,7532.137189488694,86.78788619092353,18
subject_chb06,2,T7-P7,61502976,-0.004813007239015937,331567830140.47626,5391.08595558817,73.42401484247623,18
subject_chb06,3,P7-O1,61502976,-0.0003274822001678955,424227572175.3788,6897.675523463756,83.05224574605889,18
subject_chb06,4,FP1-F3,61502976,-0.0058163563416488715,706171028556.189,11481.900136933033,107.15362866899578,18
subject_chb06,5,F3-C3,61502976,0.0020743037067331017,616461992603.6846,10023.287208145579,100.11636833278352,18
subject_chb06,6,C3-P3,61502976,-0.0022599389594226524,425502110481.04376,6918.398720755297,83.17691218574598,18
subject_chb06,7,P3-O1,61502976,0.0013089691833177088,562755277774.8724,9150.049548413273,95.65589134189945,18
subject_chb06,8,FZ-CZ,61502976,0.005951300762332609,704572373017.9108,11455.90699575108,107.03227081469906,18
subject_chb06,9,CZ-PZ,61502976,-0.0025002968901324894,611652453634.2528,9945.08710658575,99.72505756621928,18
subject_chb06,10,FP2-F4,61502976,-0.0013756626793560184,583055958134.4755,9480.125939506983,97.3659382921306,18
subject_chb06,11,F4-C4,61502976,0.005765613595334443,588430429913.1201,9567.511495917208,97.81365700104054,18
subject_chb06,12,C4-P4,61502976,-0.007087990620589318,620309718694.8733,10085.848832662557,100.42832684388682,18
subject_chb06,13,P4-O2,61502976,-0.0025060830550476193,555129736649.4874,9026.063009527985,95.00559462225361,18
subject_chb06,14,FP2-F8,61502976,-0.002814247894400822,436619232987.8857,7099.156193480551,84.25649051248546,18
subject_chb06,15,F8-T8,61502976,0.0015135911453028287,422528998813.2654,6870.057780834302,82.88581169798786,18
subject_chb06,16,P8-O2,61502976,-0.0009949171394660955,458325061055.3876,7452.079409220581,86.32542736193422,18
subject_chb07,0,FP1-F7,61795328,-0.002037299959163262,417716693110.4666,6759.680814550683,82.21727807797265,19
subject_chb07,1,F7-T7,61795328,0.0030949221446708824,232033592444.1952,3754.872738019858,61.27701639293364,19
subject_chb07,2,T7-P7,61795328,-0.001977486978489252,192475578474.92154,3114.727030414363,55.80973956590698,19
subject_chb07,3,P7-O1,61795328,-0.003766418306978562,130712238665.59122,2115.2446778110993,45.9917892434193,19
subject_chb07,4,FP1-F3,61795328,-0.0022066373974152327,368597082902.6338,5964.805023813998,77.23215019545938,19
subject_chb07,5,F3-C3,61795328,0.0005456851098829985,142132289058.99158,2300.049108226945,47.958827219052644,19
subject_chb07,6,C3-P3,61795328,5.9279559196805695e-05,116585771191.488,1886.6437797933204,43.435512887421055,19
subject_chb07,7,P3-O1,61795328,-0.0030842942267339957,142162848317.20157,2300.543631991104,47.96398265356104,19
subject_chb07,8,FZ-CZ,61795328,-0.0008004116536828456,145522329846.60602,2354.9082844354516,48.52739725593628,19
subject_chb07,9,CZ-PZ,61795328,0.001624612128784404,101124128968.03262,1636.4364789524643,40.452892096270006,19
subject_chb07,10,FP2-F4,61795328,0.000990820905860076,280798634645.0972,4544.010748597325,67.4092779118522,19
subject_chb07,11,F4-C4,61795328,-0.0007804698718179078,134408013564.83327,2175.051381956145,46.63744613458315,19
subject_chb07,12,C4-P4,61795328,-0.005663945297618709,287063532346.62823,4645.392162116661,68.15711380418526,19
subject_chb07,13,P4-O2,61795328,0.0012014910768819694,177948356802.8932,2879.6409463656087,53.66228607099784,19
subject_chb07,14,FP2-F8,61795328,-0.0030373065542740343,360321042430.34796,5830.87838663706,76.36018849267634,19
subject_chb07,15,F8-T8,61795328,0.0029327038628566542,204827719544.61996,3314.6149745272,57.5726929587908,19
subject_chb07,16,P8-O2,61795328,-0.0007536366846337686,173327486370.98907,2804.863927107711,52.96096607037782,19
subject_chb08,0,FP1-F7,18437888,0.0005145173515147425,105601081903.89813,5727.395778947032,75.67955984905721,20
subject_chb08,1,F7-T7,18437888,0.00883533198110993,94442657033.38176,5122.2058097642075,71.56958718453116,20
subject_chb08,2,T7-P7,18437888,-0.011780385224954183,133001733710.45236,7213.501552371527,84.93233514022518,20
subject_chb08,3,P7-O1,18437888,-0.001965195651501735,121669747131.1026,6598.898264871909,81.23360305238165,20
subject_chb08,4,FP1-F3,18437888,0.003763306923786917,118759722636.1011,6441.069749208863,80.25627545063914,20
subject_chb08,5,F3-C3,18437888,-0.0016511467821401537,70855968038.12881,3842.9546832114834,61.99156945272061,20
subject_chb08,6,C3-P3,18437888,0.006624429877726413,46434401939.45342,2518.4230395288996,50.18389223175998,20
subject_chb08,7,P3-O1,18437888,-0.013138299217414448,85998172758.48111,4664.209521094884,68.29501827435793,20
subject_chb08,8,FZ-CZ,18437888,-2.795983379738384e-06,53214151670.08944,2886.1305410950235,53.72271904041179,20
subject_chb08,9,CZ-PZ,18437888,-0.00019115771805504217,43110064112.88797,2338.1237651995702,48.35414941036157,20
subject_chb08,10,FP2-F4,18437888,-0.001492070073862934,93180339881.52557,5053.74259142509,71.08967992208919,20
subject_chb08,11,F4-C4,18437888,-0.004020929897830513,39486885597.251434,2141.6165233920196,46.277602826767286,20
subject_chb08,12,C4-P4,18437888,0.003368276619183949,38425904181.37547,2084.0729795828825,45.65164815844968,20
subject_chb08,13,P4-O2,18437888,-0.010254671367362755,101260135984.2634,5491.95959885771,74.10775667133441,20
subject_chb08,14,FP2-F8,18437888,0.0014199513387001968,79510967449.56372,4312.368501726647,65.66862646444379,20
subject_chb08,15,F8-T8,18437888,-0.007654571400907818,55746442012.136345,3023.472211792172,54.986109262177955,20
subject_chb08,16,P8-O2,18437888,-0.007526067041399472,92247546438.5904,5003.151469332626,70.7329588617119,20
subject_chb10,0,FP1-F7,46101504,-0.0014897706633054235,210374722804.7908,4563.2941347160995,67.55215862365984,25
subject_chb10,1,F7-T7,46101504,0.005582501174205019,334314839301.73956,7251.712206650342,85.15698565972343,25
subject_chb10,2,T7-P7,46101504,0.0007544913758293861,153003443988.6227,3318.8384480606687,57.60936076767966,25
subject_chb10,3,P7-O1,46101504,-0.009586969290515786,276843428354.1113,6005.084527266427,77.49248045627671,25
subject_chb10,4,FP1-F3,46101504,-0.0019968898477247107,475659598734.91345,10317.659023334974,101.5758781568487,25
subject_chb10,5,F3-C3,46101504,0.0029590550076294873,426760363904.3893,9256.97269886009,96.21316281497086,25
subject_chb10,6,C3-P3,46101504,0.0036844542952671378,223282457803.5076,4843.279251876633,69.59367249884599,25
subject_chb10,7,P3-O1,46101504,-0.009375046298404788,342113470168.1244,7420.8743855325065,86.14449712856015,25
subject_chb10,8,FZ-CZ,46101504,0.006522989131260806,482898210743.5699,10474.67368404228,102.34585328210557,25
subject_chb10,9,CZ-PZ,46101504,-0.007826532074622337,300234654618.7183,6512.469845207616,80.69987512510546,25
subject_chb10,10,FP2-F4,46101504,-0.0013899172489528348,480962561591.43054,10432.687002823825,102.14052576144213,25
subject_chb10,11,F4-C4,46101504,0.0045733605834368295,239036122709.7448,5184.9961925264915,72.00691767133551,25
subject_chb10,12,C4-P4,46101504,0.0007937347712223994,165391485934.6551,3587.5507648222297,59.89616652860373,25
subject_chb10,13,P4-O2,46101504,0.0006076857735872126,247707158484.62378,5373.0819385984405,73.30130925569092,25
subject_chb10,14,FP2-F8,46101504,-0.0006905526125709445,230939176346.8554,5009.363172768841,70.77685478155158,25
subject_chb10,15,F8-T8,46101504,0.0036660932518441064,181364922961.89728,3934.0348410736724,62.72188486544128,25
subject_chb10,16,P8-O2,46101504,0.006452763225754708,233028254033.63107,5054.6779131897965,71.09625808148975,25
subject_chb11,0,FP1-F7,32065792,-3.3543961015807704e-05,89840977217.1341,2801.7700987124877,52.93174943937228,35
subject_chb11,1,F7-T7,32065792,0.002400703058212586,58662802644.16891,1829.4512308995488,42.772084715378895,35
subject_chb11,2,T7-P7,32065792,-0.001989353777143692,38109020707.55335,1188.463416327074,34.47409775943489,35
subject_chb11,3,P7-O1,32065792,0.002520510641076808,60275074575.203865,1879.7313528137358,43.3558687240117,35
subject_chb11,4,FP1-F3,32065792,0.002253326487772212,118818320886.8373,3705.4541140551682,60.87244133477126,35
subject_chb11,5,F3-C3,32065792,0.0030028500242212366,43395520547.6035,1353.3275756171406,36.78760084073356,35
subject_chb11,6,C3-P3,32065792,0.00011086541949876083,19540870498.935223,609.3992781757963,24.68601381705431,35
subject_chb11,7,P3-O1,32065792,-0.002487469780233407,31729388698.95076,989.5089664072779,31.45646144128862,35
subject_chb11,8,FZ-CZ,32065792,0.00015329084437493926,37429545904.69178,1167.2733954206333,34.16538299830156,35
subject_chb11,9,CZ-PZ,32065792,0.0017401712832338396,33490551807.020218,1044.4323909735401,32.3176792324811,35
subject_chb11,10,FP2-F4,32065792,0.0044112433183414465,215300705858.50467,6714.342370165211,81.9410908529122,35
subject_chb11,11,F4-C4,32065792,0.0036008028631028823,36483027970.984024,1137.7553989929213,33.73062998215303,35
subject_chb11,12,C4-P4,32065792,0.00025899535700982365,23883978139.770237,744.8429198246604,27.291810490047382,35
subject_chb11,13,P4-O2,32065792,-0.0032074519263080863,45784053100.31415,1427.816069545831,37.78645351903022,35
subject_chb11,14,FP2-F8,32065792,0.007821491643473748,225174418536.42563,7022.262806932248,83.79894275545634,35
subject_chb11,15,F8-T8,32065792,-0.001992007285838734,38506705794.96785,1200.8655764675282,34.65350741941612,35
subject_chb11,16,P8-O2,32065792,0.001199078932666186,28311671668.03343,882.9244469630885,29.714044607947407,35
subject_chb12,0,FP1-F7,19065856,-0.002101896569578606,24346469834.30307,1276.9670469714588,35.73467569422533,21
subject_chb12,1,F7-T7,19065856,0.008111792722440028,29489889688.82299,1546.7382995456899,39.328593917729755,21
subject_chb12,2,T7-P7,19065856,0.002042010317872495,51856737843.798935,2719.8746200432297,52.152417202304534,21
subject_chb12,3,P7-O1,19065856,-0.0039877012140462804,54085013659.62368,2836.7472018892663,53.26112279974265,21
subject_chb12,4,FP1-F3,19065856,0.002344490253976757,33558225591.77105,1760.1216327119564,41.953803554766715,21
subject_chb12,5,F3-C3,19065856,0.0010720257630618727,31505585929.402916,1652.461128910389,40.650475137572364,21
subject_chb12,6,C3-P3,19065856,0.0015156577614654871,36617587013.00066,1920.5844737839552,43.82447345700751,21
subject_chb12,7,P3-O1,19065856,-0.000831596689482909,30153587862.297764,1581.549124376989,39.76869528130121,21
subject_chb12,8,FZ-CZ,19065856,-0.00022726680965116258,27444533756.89376,1439.4598258212882,37.940213834680584,21
subject_chb12,9,CZ-PZ,19065856,0.000921252269850246,29242830523.82086,1533.7801000815732,39.16350469610161,21
subject_chb12,10,FP2-F4,19065856,0.0024481196974852903,32920461316.097565,1726.6710351792,41.55323134461627,21
subject_chb12,11,F4-C4,19065856,-0.0006420146623914599,34694816678.5435,1819.7355879821762,42.6583589461922,21
subject_chb12,12,C4-P4,19065856,-0.002972108864057687,34458924578.9713,1807.3630986708017,42.51309326161532,21
subject_chb12,13,P4-O2,19065856,0.006086494786259653,43596845126.837845,2286.6450437283197,47.81887748293889,21
subject_chb12,14,FP2-F8,19065856,0.004145497438778113,30106340944.43749,1579.071033812355,39.73752677019991,21
subject_chb12,15,F8-T8,19065856,0.001249445325938836,30502835220.389988,1599.8670723407324,39.99833836974646,21
subject_chb12,16,P8-O2,19065856,0.0012984489933048713,36395614298.112,1908.9420531714914,43.69144141787372,21
subject_chb13,0,FP1-F7,30412800,0.01369845798941676,94650030646.6021,3112.1774597078233,55.78689326094278,33
subject_chb13,1,F7-T7,30412800,-0.002166161909562112,98050194967.65259,3223.9778964006136,56.7800836244595,33
subject_chb13,2,T7-P7,30412800,-0.01181944058464007,127569034295.86627,4194.583671870603,64.76560562420924,33
subject_chb13,3,P7-O1,30412800,-0.0031118507562331553,109344012489.70921,3595.3286935010656,59.9610598096887,33
subject_chb13,4,FP1-F3,30412800,0.005540992162417411,133362171241.10532,4385.067183590637,66.21983980342021,33
subject_chb13,5,F3-C3,30412800,0.007717521819199681,67776689090.54481,2228.558011447312,47.20760544072652,33
subject_chb13,6,C3-P3,30412800,-0.0014062376676780381,113364920667.59814,3727.539742069068,61.05358091110683,33
subject_chb13,7,P3-O1,30412800,-0.0152793924792559,158538635428.73914,5212.891789928554,72.2003586551241,33
subject_chb13,8,FZ-CZ,30412800,0.009119212628597937,77438799140.72011,2546.2568109717,50.4604479862367,33
subject_chb13,9,CZ-PZ,30412800,-0.002098099364098838,62253621377.731964,2046.9546170603155,45.24328256283263,33
subject_chb13,10,FP2-F4,30412800,0.010126282163173532,138767443888.08276,4562.797371109624,67.54848163437595,33
subject_chb13,11,F4-C4,30412800,-0.00952061654198816,60610854579.71833,1992.938978973272,44.64234513299309,33
subject_chb13,12,C4-P4,30412800,0.006717585167831728,50906784691.57879,1673.8605025377074,40.91284031374145,33
subject_chb13,13,P4-O2,30412800,-0.014920435835057994,91400414365.51953,3005.3271768965546,54.82086443040236,33
subject_chb13,14,FP2-F8,30412800,-0.0011685754040229664,152146295696.65692,5002.7059559349,70.72980952847887,33
subject_chb13,15,F8-T8,30412800,-0.003630321471253911,109593603641.72919,3603.5354732786586,60.029455047323715,33
subject_chb13,16,P8-O2,30412800,-0.005069396791624158,94495758276.02338,3107.1048465127637,55.74141051778977,33
subject_chb14,0,FP1-F7,23961600,0.00047658372993805676,48298746914.619644,2015.6728646926601,44.8962455523027,26
subject_chb14,1,F7-T7,23961600,0.002555542368768321,69245461222.5067,2889.851313038641,53.75733729490925,26
subject_chb14,2,T7-P7,23961600,-0.0027001047704043007,68996046407.29852,2879.4423747704045,53.66043584215846,26
subject_chb14,3,P7-O1,23961600,-0.003732069043410526,54361805814.73369,2268.705170553456,47.630926618673456,26
subject_chb14,4,FP1-F3,23961600,-0.002131663200402503,179778359702.1389,7502.769418658974,86.61852814876835,26
subject_chb14,5,F3-C3,23961600,0.0008987476783603084,103088817387.65924,4302.250992740854,65.59154665611152,26
subject_chb14,6,C3-P3,23961600,-0.0008402563090269361,90184882025.13434,3763.7253783192414,61.34920845715323,26
subject_chb14,7,P3-O1,23961600,-0.0012534701244627088,72077862603.63995,3008.057166618254,54.84575796375007,26
subject_chb14,8,FZ-CZ,23961600,0.0007166746164188481,96350505781.02771,4021.038068452345,63.41165561986491,26
subject_chb14,9,CZ-PZ,23961600,0.0005675620773398312,137293133002.76631,5729.714752051879,75.69487929874701,26
subject_chb14,10,FP2-F4,23961600,-0.0025571545304499802,230268999836.3802,9609.917527893804,98.03018681964144,26
subject_chb14,11,F4-C4,23961600,0.0006012647162285834,106430764455.24677,4441.721940740466,66.6462447609801,26
subject_chb14,12,C4-P4,23961600,0.0017858853740333445,88227781435.17395,3682.048837939618,60.67988824923475,26
subject_chb14,13,P4-O2,23961600,-0.001563496836583352,62079446733.549545,2590.788876099657,50.89979249564439,26
subject_chb14,14,FP2-F8,23961600,0.001860153829234849,70617647672.8898,2947.117374169079,54.28735924843903,26
subject_chb14,15,F8-T8,23961600,-0.002697968093862442,59428325064.10187,2480.1484485218793,49.801088828678026,26
subject_chb14,16,P8-O2,23961600,-0.0011433373350388692,36544524894.15206,1525.1287432455288,39.05289673309176,26
subject_chb15,0,FP1-F7,36873216,0.0008317589561570786,49561016417.14248,1344.0925905986198,36.661868345716094,40
subject_chb15,1,F7-T7,36873216,-0.0027717127178071145,23788857559.734684,645.1527732144298,25.399857740043146,40
subject_chb15,2,T7-P7,36873216,0.0024441383155469096,25206238927.84095,683.5920937257263,26.145594155148327,40
subject_chb15,3,P7-O1,36873216,-0.0013284220029632107,13325907174.001902,361.3980178458505,19.01047126837866,40
subject_chb15,4,FP1-F3,36873216,0.0014102194021976182,40703294049.961075,1103.8715486590884,33.22456242991152,40
subject_chb15,5,F3-C3,36873216,-0.00143830330171637,12645765157.539324,342.952596202602,18.518979350995618,40
subject_chb15,6,C3-P3,36873216,-0.0004958868122783382,9850607156.027004,267.14803384730544,16.34466377284358,40
subject_chb15,7,P3-O1,36873216,-0.00038799115209465986,11174133455.433771,303.04200901363663,17.408101821095734,40
subject_chb15,8,FZ-CZ,36873216,0.0002300869245374334,10369230252.25774,281.2130694609806,16.76940873915895,40
subject_chb15,9,CZ-PZ,36873216,-0.0012082052505649836,7161806729.049146,194.22788424663435,13.936566443950044,40
subject_chb15,10,FP2-F4,36873216,0.002245183792687397,41124433667.951965,1115.2928366202711,33.396000308723664,40
subject_chb15,11,F4-C4,36873216,0.0006804456135341262,13531103684.681755,366.9629382118922,19.15627673144999,40
subject_chb15,12,C4-P4,36873216,-0.0018180951941375897,11321483088.267206,307.0381245906841,17.522503376820453,40
subject_chb15,13,P4-O2,36873216,-0.0006628663153132042,13900157335.26734,376.9716570224669,19.415757956424645,40
subject_chb15,14,FP2-F8,36873216,-0.0024604911161129556,45744992481.42275,1240.6021889010915,35.22218319328164,40
subject_chb15,15,F8-T8,36873216,0.0006980695456264487,20631288495.75515,559.5196387468658,23.654167471015878,40
subject_chb15,16,P8-O2,36873216,-0.0005292682694322182,11776295220.44306,319.37260965908314,17.870999123134755,40
subject_chb16,0,FP1-F7,17510400,-0.0007533426360668213,124093428281.88884,7086.841436054507,84.18337980892966,19
subject_chb16,1,F7-T7,17510400,0.0029864792872935377,173447655083.52084,9905.407933771978,99.52591589014379,19
subject_chb16,2,T7-P7,17510400,-0.0028821572426973863,179598808010.60226,10256.693622681507,101.27533570757248,19
subject_chb16,3,P7-O1,17510400,0.0018200820627229312,16719129336.623466,954.811388467623,30.900022467105472,19
subject_chb16,4,FP1-F3,17510400,0.0020824229049334563,112963673727.05635,6451.233194390554,80.31956918703283,19
subject_chb16,5,F3-C3,17510400,-0.00017523202205157074,31082190572.368763,1775.070276656659,42.131582888097846,19
subject_chb16,6,C3-P3,17510400,-0.0006113689173677458,17141425944.933773,978.9282908976251,31.28782975691387,19
subject_chb16,7,P3-O1,17510400,-0.00011184940387778722,16581255760.881405,946.9375777184647,30.77235086434679,19
subject_chb16,8,FZ-CZ,17510400,-0.0002765437941602222,75450830890.9938,4308.915324092756,65.64232875281586,19
subject_chb16,9,CZ-PZ,17510400,-0.0002879273116164744,46944522244.09175,2680.950877426658,51.77789950767275,19
subject_chb16,10,FP2-F4,17510400,9.16924567227681e-05,99587461226.21884,5687.332169808733,75.41440293344988,19
subject_chb16,11,F4-C4,17510400,-0.0022389829346812196,53954491185.42043,3081.282619781412,55.50930210137227,19
subject_chb16,12,C4-P4,17510400,0.0006704775718985688,17899417172.55906,1022.2163498583161,31.97211831984731,19
subject_chb16,13,P4-O2,17510400,0.0002696788750493578,26866427876.586113,1534.31263001337,39.17030290939004,19
subject_chb16,14,FP2-F8,17510400,-0.002365201443777856,81055766536.82669,4629.007135007007,68.03680720762112,19
subject_chb16,15,F8-T8,17510400,-0.00012189784800692666,51001978229.09959,2912.6677990850917,53.96913746841885,19
subject_chb16,16,P8-O2,17510400,-0.0011071970707095418,26458589066.284737,1511.0213967861805,38.871858674189745,19
subject_chb17,0,FP1-F7,19359744,0.0022521067393638447,78382351368.0949,4048.7287108804176,63.62962133220987,21
subject_chb17,1,F7-T7,19359744,0.004771842191986706,46196090611.213844,2386.193258093384,48.84867713759897,21
subject_chb17,2,T7-P7,19359744,-0.0005551285074243814,19146952995.060917,989.0085837426836,31.448506860305525,21
subject_chb17,3,P7-O1,19359744,-0.0006975227065459868,21227853104.314392,1096.494514819741,33.113358555419005,21
subject_chb17,4,FP1-F3,19359744,0.0019044664553634024,75080965815.15205,3878.200342688005,62.27519845562923,21
subject_chb17,5,F3-C3,19359744,0.002099126457599639,24802492920.475006,1281.1374427510511,35.79298035580512,21
subject_chb17,6,C3-P3,19359744,0.0016552324365835054,28913215043.769962,1493.4709386534223,38.645451720136776,21
subject_chb17,7,P3-O1,19359744,0.00011199222720669726,18837176152.22828,973.0075021771094,31.193068175110785,21
subject_chb17,8,FZ-CZ,19359744,0.0016697352803891183,15636836130.191954,807.6984969528498,28.420036892179606,21
subject_chb17,9,CZ-PZ,19359744,0.004152271176863968,18072090992.744354,933.4881180631497,30.55303778780679,21
subject_chb17,10,FP2-F4,19359744,-0.001266292015922964,76147861147.58609,3933.3093013826056,62.7161008145644,21
subject_chb17,11,F4-C4,19359744,0.00020920009094216075,19044745746.232178,983.7292138900276,31.36445781278592,21
subject_chb17,12,C4-P4,19359744,0.0036161551735515727,12218016114.979877,631.1042188873922,25.121787732711066,21
subject_chb17,13,P4-O2,19359744,-0.002259361719855674,17084926351.795967,882.4975346676055,29.706860060726807,21
subject_chb17,14,FP2-F8,19359744,-0.0010791406233304122,79179462826.8092,4089.9023678623644,63.95234450637728,21
subject_chb17,15,F8-T8,19359744,0.005835929298513289,33471088320.034298,1728.9013904333806,41.580060009978105,21
subject_chb17,16,P8-O2,19359744,-0.0022102929538054513,20254454090.495647,1046.2149752856053,32.345246563994614,21
subject_chb18,0,FP1-F7,32840960,0.005342248635574651,89995169661.75642,2740.3330981115178,52.34819097267371,36
subject_chb18,1,F7-T7,32840960,0.0019409303873248042,36271563689.43584,1104.4611268804517,33.23343387133583,36
subject_chb18,2,T7-P7,32840960,-0.00016306586033284977,28615003185.172943,871.3205455983303,29.518139263820988,36
subject_chb18,3,P7-O1,32840960,0.004099648154572417,20896680905.97623,636.2993318702081,25.224974368078318,36
subject_chb18,4,FP1-F3,32840960,0.006962077645483228,97682314849.29918,2974.4049762643717,54.53810572677027,36
subject_chb18,5,F3-C3,32840960,-0.0007993934698678198,28304301485.011936,861.8597472489214,29.35744790081252,36
subject_chb18,6,C3-P3,32840960,0.0030568802415165968,22630149307.93945,689.0830629780447,26.25039167285023,36
subject_chb18,7,P3-O1,32840960,0.001978365931796789,20227727191.028988,615.9298385622402,24.817933809288803,36
subject_chb18,8,FZ-CZ,32840960,0.0009002133011251131,25631337007.63178,780.4685675337073,27.936867532594047,36
subject_chb18,9,CZ-PZ,32840960,0.0025842648006968827,11909502218.034512,362.64171991423245,19.04315414825581,36
subject_chb18,10,FP2-F4,32840960,0.003917419789970295,88339470870.58354,2689.9174345263823,51.86441395144056,36
subject_chb18,11,F4-C4,32840960,-0.00019152609416291604,18289582132.942932,556.9137483478843,23.599020071771715,36
subject_chb18,12,C4-P4,32840960,0.001115429364362884,19959594393.61403,607.7652539272308,24.652895447132185,36
subject_chb18,13,P4-O2,32840960,0.000959947372740847,17411556101.472256,530.1780490421795,23.025595519816193,36
subject_chb18,14,FP2-F8,32840960,0.005769475561463721,123986144391.46068,3775.35079338304,61.443883286972024,36
subject_chb18,15,F8-T8,32840960,0.00014469315717721213,35886512041.439,1092.7363889922524,33.056563478260294,36
subject_chb18,16,P8-O2,32840960,0.0009922887449788538,17207176659.20425,523.9547400320895,22.890057667731845,36
subject_chb19,0,FP1-F7,27582976,-0.0015339509704384029,45991998885.05852,1667.405246085793,40.83387375801851,30
subject_chb19,1,F7-T7,27582976,-0.0020195656348334008,23110189183.527515,837.8424860148344,28.945508909239003,30
subject_chb19,2,T7-P7,27582976,0.0007596601058568619,15665965297.16301,567.957761235155,23.83186440954956,30
subject_chb19,3,P7-O1,27582976,-0.0010409330842151942,14385718939.98111,521.5433947367068,22.83732459673652,30
subject_chb19,4,FP1-F3,27582976,-0.0023207502233362214,61441783961.49397,2227.525556397322,47.19666891208872,30
subject_chb19,5,F3-C3,27582976,0.0011841730513616488,15003626537.191072,543.9451688313499,23.32263211628031,30
subject_chb19,6,C3-P3,27582976,-0.00033560883193022587,10160593753.819502,368.36466644569106,19.19282851602887,30
subject_chb19,7,P3-O1,27582976,-0.0023727041077954737,14187900468.955704,514.3716352055595,22.679762679656935,30
subject_chb19,8,FZ-CZ,27582976,0.0027304977153394653,20013636912.355175,725.5793179225902,26.936579551282865,30
subject_chb19,9,CZ-PZ,27582976,-0.00157718505155579,13211659882.374838,478.9787687294815,21.885583582109057,30
subject_chb19,10,FP2-F4,27582976,-0.0017560160395539187,59816957968.78806,2168.618714992467,46.56843045446633,30
subject_chb19,11,F4-C4,27582976,-0.0014634566901107326,15838158912.020718,574.2005109245905,23.962481318189703,30
subject_chb19,12,C4-P4,27582976,0.0022491957522762385,14975031278.897781,542.9084692999689,23.300396333538384,30
subject_chb19,13,P4-O2,27582976,-0.00546160845123419,17562687984.989155,636.7220123379419,25.23335119119024,30
subject_chb19,14,FP2-F8,27582976,5.999245874619502e-05,48149102836.85111,1745.6094236115462,41.78049094507563,30
subject_chb19,15,F8-T8,27582976,-0.0013730743585827043,23624198716.283916,856.4775141117448,29.265637087064153,30
subject_chb19,16,P8-O2,27582976,-0.0037785336253093045,12345327364.18985,447.57053641310677,21.15586293236716,30
subject_chb20,0,FP1-F7,25437696,-0.004246523976138362,29331101545.86968,1153.0565325519135,33.95668612441317,29
subject_chb20,1,F7-T7,25437696,-0.0008367054067910615,42843054267.08269,1684.2348562968393,41.039430506487776,29
subject_chb20,2,T7-P7,25437696,-0.0015369927488878565,35744592382.62193,1405.1819937867774,37.48575721239705,29
subject_chb20,3,P7-O1,25437696,0.005084831973280553,49170211973.97011,1932.9664122871077,43.96551389768016,29
subject_chb20,4,FP1-F3,25437696,-0.0023043908343200552,33309285390.535965,1309.4458472393083,36.18626600299219,29
subject_chb20,5,F3-C3,25437696,-0.006552631294352235,40126123666.45098,1577.4275966837163,39.71684273307379,29
subject_chb20,6,C3-P3,25437696,0.0017107312809158692,27760006128.81465,1091.2940436435222,33.03473995120171,29
subject_chb20,7,P3-O1,25437696,0.0056067926503232095,47328001171.021034,1860.5459067920708,43.13404579670299,29
subject_chb20,8,FZ-CZ,25437696,-0.006247935178529371,60893523351.82505,2393.8301390120023,48.92678345254266,29
subject_chb20,9,CZ-PZ,25437696,0.002321716830646406,39546471369.02769,1554.6404583586377,39.42892920634084,29
subject_chb20,10,FP2-F4,25437696,-0.004981554014734321,38457483277.87595,1511.8304455669238,38.882263894569256,29
subject_chb20,11,F4-C4,25437696,-0.001054857050759746,35861895077.203804,1409.7933663962256,37.54721516166313,29
subject_chb20,12,C4-P4,25437696,-2.5832733795311792e-05,15808509646.911291,621.4599642558544,24.929098745358896,29
subject_chb20,13,P4-O2,25437696,0.0011118610063703984,39696716815.995285,1560.546867766455,39.50375764109606,29
subject_chb20,14,FP2-F8,25437696,-0.0034358135820948517,30714038458.46942,1207.4221839300785,34.747981005089756,29
subject_chb20,15,F8-T8,25437696,-0.00333651721300052,36378962223.17476,1430.120173744303,37.81692972392528,29
subject_chb20,16,P8-O2,25437696,0.0014240767203775348,32164427538.9658,1264.4394971528004,35.55895804368852,29
subject_chb22,0,FP1-F7,28572416,0.004213798606368832,162053709512.1767,5671.683819533381,75.31058238742668,31
subject_chb22,1,F7-T7,28572416,-0.004956407176821442,105029214565.84521,3675.8954708571096,60.629163534202824,31
subject_chb22,2,T7-P7,28572416,0.003525752822940111,68360734735.53167,2392.5430294565103,48.913628258967975,31
subject_chb22,3,P7-O1,28572416,-0.0054413165853610685,56757998816.11389,1986.461306461235,44.56973531962283,31
subject_chb22,4,FP1-F3,28572416,0.005863309445932923,183155179267.30573,6410.209737507173,80.06378543078745,31
subject_chb22,5,F3-C3,28572416,-0.0005255686018341115,46262654712.70031,1619.1369575712572,40.23850093593519,31
subject_chb22,6,C3-P3,28572416,0.0012182294755030928,34100428982.687763,1193.4737679406517,34.54668968136675,31
subject_chb22,7,P3-O1,28572416,-0.009193352822389582,55057482617.7503,1926.945296391817,43.89698504899644,31
subject_chb22,8,FZ-CZ,28572416,0.0021964859096028936,75497316668.9494,2642.3147650149504,51.403450905702336,31
subject_chb22,9,CZ-PZ,28572416,-0.002305443254925951,43531362313.7942,1523.5450272666546,39.032614917100474,31
subject_chb22,10,FP2-F4,28572416,0.003688494655113633,166908749989.62784,5841.604363790162,76.43038900718851,31
subject_chb22,11,F4-C4,28572416,0.0003130264141484104,50905201785.437126,1781.620489686176,42.209246495124454,31
subject_chb22,12,C4-P4,28572416,-0.0013777675656318164,35544321051.21643,1244.008243867667,35.27050104361528,31
subject_chb22,13,P4-O2,28572416,-0.0017343128324158491,62601938611.878914,2190.992130727724,46.80803489495926,31
subject_chb22,14,FP2-F8,28572416,-0.0026928705014919252,177453266930.68542,6210.649702520271,78.80767540360692,31
subject_chb22,15,F8-T8,28572416,0.006014523760046331,73094548190.90973,2558.2207745718715,50.57885699155203,31
subject_chb22,16,P8-O2,28572416,0.0005783143097990688,48162599735.72682,1685.6327352831074,41.05645789986159,31
subject_chb23,0,FP1-F7,24476160,0.0028575697082125224,108113274942.69041,4417.08482632449,66.46115276102643,9
subject_chb23,1,F7-T7,24476160,0.00016796875258670826,47357921209.66718,1934.8591122817952,43.98703345625612,9
subject_chb23,2,T7-P7,24476160,-0.0038063728709034727,32740045509.2294,1337.6299840019594,36.57362415733447,9
subject_chb23,3,P7-O1,24476160,0.002438353120534022,17587121525.297977,718.5408791778603,26.805612829738855,9
subject_chb23,4,FP1-F3,24476160,0.00019327778361417347,98279449062.08096,4015.3132297746447,63.366499270313525,9
subject_chb23,5,F3-C3,24476160,0.0005991995351783335,32064305823.00092,1310.0219079708957,36.19422478753891,9
subject_chb23,6,C3-P3,24476160,-0.0006382902857300077,10859485017.781384,443.67601036197607,21.063618168823133,9
subject_chb23,7,P3-O1,24476160,0.0015024365973624174,19547671421.912785,798.6412665186363,28.260241798658345,9
subject_chb23,8,FZ-CZ,24476160,-0.003883182286886224,40402253292.05252,1650.6777734764162,40.628533981383285,9
subject_chb23,9,CZ-PZ,24476160,0.0022622806224408217,30782684724.181797,1257.6598912648797,35.46350083205097,9
subject_chb23,10,FP2-F4,24476160,0.001961318864674959,70566699247.59547,2883.0788509143376,53.694309297302055,9
subject_chb23,11,F4-C4,24476160,-0.00034153570965284074,24260969617.52294,991.208164087951,31.483458578878384,9
subject_chb23,12,C4-P4,24476160,0.0006864553476791628,13265229974.157053,541.9653235702435,23.280148701635124,9
subject_chb23,13,P4-O2,24476160,0.0002842968826290335,23798366764.735138,972.3080240011153,31.18185408215995,9
subject_chb23,14,FP2-F8,24476160,0.00200370753081587,72757886040.58606,2972.6021582056196,54.52157516255028,9
subject_chb23,15,F8-T8,24476160,-0.0004515572458924271,37985235866.054665,1551.9279113249245,39.39451625956238,9
subject_chb23,16,P8-O2,24476160,0.00039049184799742795,17597716107.86147,718.9737323118279,26.81368554137659,9
subject_chb24,0,FP1-F7,11059200,0.009626092050354206,38501528453.87203,3481.402674142075,59.003412394047814,12
subject_chb24,1,F7-T7,11059200,-0.0036865514421343293,42372169160.35787,3831.3955042279617,61.89826737662341,12
subject_chb24,2,T7-P7,11059200,-0.0008930087208492025,29074196929.852085,2628.9602258619148,51.27338711126772,12
subject_chb24,3,P7-O1,11059200,-0.003473657480764098,22785648318.674713,2060.3342302042383,45.39090470792842,12
subject_chb24,4,FP1-F3,11059200,0.0017857665640262292,43117358909.491486,3898.77738981947,62.44019050114654,12
subject_chb24,5,F3-C3,11059200,0.02087418437960894,232418918017.65506,21015.888854316323,144.9685788518199,12
subject_chb24,6,C3-P3,11059200,-0.01762412830917135,219113143921.13025,19812.748112081368,140.75776394956466,12
subject_chb24,7,P3-O1,11059200,-0.003432522288182561,42020862788.94084,3799.629520122689,61.641134967833686,12
subject_chb24,8,FZ-CZ,11059200,0.0027120181307227938,39870334122.69488,3605.1734413605755,60.043096533744624,12
subject_chb24,9,CZ-PZ,11059200,0.0027473987451086842,19294001590.443783,1744.6109655710886,41.76854038114198,12
subject_chb24,10,FP2-F4,11059200,0.009333646035828926,63657340890.090294,5756.0529595350745,75.86865597554154,12
subject_chb24,11,F4-C4,11059200,0.003485741066509898,40308631977.705894,3644.805408863742,60.37222381910196,12
subject_chb24,12,C4-P4,11059200,-0.003814098308834124,8571716795.30736,775.0756650849393,27.840180766024837,12
subject_chb24,13,P4-O2,11059200,-0.0051139005835768025,17434114222.358,1576.4353861362488,39.704349713050945,12
subject_chb24,14,FP2-F8,11059200,0.007331030635647824,59841711866.992294,5411.034420843487,73.55973369203757,12
subject_chb24,15,F8-T8,11059200,0.006470425070766601,22531576063.499565,2037.360393473268,45.137128768601,12
subject_chb24,16,P8-O2,11059200,-0.008825233691366442,23644498348.141773,2137.9935572321483,46.23844241788588,12
