scope,outer_fold,inner_fold,channel_index,channel_name,sample_count,mean_uv,std_uv,scale_uv,scaler_path
inner_training,0,0,0,FP1-F7,457872896,-0.000995598395368986,67.10219542570934,67.10219542570934,artifacts\scalers\outer_00\inner_00_scaler.npz
inner_training,0,0,1,F7-T7,457872896,0.0018506386696552795,68.22324903999481,68.22324903999481,artifacts\scalers\outer_00\inner_00_scaler.npz
inner_training,0,0,2,T7-P7,457872896,-0.0014008850694758608,57.24635362974368,57.24635362974368,artifacts\scalers\outer_00\inner_00_scaler.npz
inner_training,0,0,3,P7-O1,457872896,-0.002405164757269292,57.5671920969615,57.5671920969615,artifacts\scalers\outer_00\inner_00_scaler.npz
inner_training,0,0,4,FP1-F3,457872896,-0.0006665945738428788,78.49159128162873,78.49159128162873,artifacts\scalers\outer_00\inner_00_scaler.npz
inner_training,0,0,5,F3-C3,457872896,0.0004765755327087252,64.98115361810835,64.98115361810835,artifacts\scalers\outer_00\inner_00_scaler.npz
inner_training,0,0,6,C3-P3,457872896,0.0005379690188208085,51.57376228114284,51.57376228114284,artifacts\scalers\outer_00\inner_00_scaler.npz
inner_training,0,0,7,P3-O1,457872896,-0.0033030895461642782,60.04242345797187,60.04242345797187,artifacts\scalers\outer_00\inner_00_scaler.npz
inner_training,0,0,8,FZ-CZ,457872896,0.0018529763609547837,65.40517380368632,65.40517380368632,artifacts\scalers\outer_00\inner_00_scaler.npz
inner_training,0,0,9,CZ-PZ,457872896,-0.0007914199917218481,59.00214554359725,59.00214554359725,artifacts\scalers\outer_00\inner_00_scaler.npz
inner_training,0,0,10,FP2-F4,457872896,0.00016789802762950322,76.21362842730147,76.21362842730147,artifacts\scalers\outer_00\inner_00_scaler.npz
inner_training,0,0,11,F4-C4,457872896,0.0012370862643452615,57.59619472167649,57.59619472167649,artifacts\scalers\outer_00\inner_00_scaler.npz
inner_training,0,0,12,C4-P4,457872896,-0.001411936752396152,58.1096369620025,58.1096369620025,artifacts\scalers\outer_00\inner_00_scaler.npz
inner_training,0,0,13,P4-O2,457872896,-0.0012662231060315012,57.97003200818863,57.97003200818863,artifacts\scalers\outer_00\inner_00_scaler.npz
inner_training,0,0,14,FP2-F8,457872896,-0.001021688323464614,70.14575496986852,70.14575496986852,artifacts\scalers\outer_00\inner_00_scaler.npz
inner_training,0,0,15,F8-T8,457872896,0.0012564302046118034,56.8117423796003,56.8117423796003,artifacts\scalers\outer_00\inner_00_scaler.npz
inner_training,0,0,16,P8-O2,457872896,-0.0002011175583493421,53.20931394603265,53.20931394603265,artifacts\scalers\outer_00\inner_00_scaler.npz
inner_training,0,1,0,FP1-F7,500326656,-0.0003708692890752702,72.83883432525971,72.83883432525971,artifacts\scalers\outer_00\inner_01_scaler.npz
inner_training,0,1,1,F7-T7,500326656,0.0010459310948072432,66.80573514809247,66.80573514809247,artifacts\scalers\outer_00\inner_01_scaler.npz
inner_training,0,1,2,T7-P7,500326656,-0.0011321334258604513,56.9105333224731,56.9105333224731,artifacts\scalers\outer_00\inner_01_scaler.npz
inner_training,0,1,3,P7-O1,500326656,-0.0008984553603848412,59.06552248255025,59.06552248255025,artifacts\scalers\outer_00\inner_01_scaler.npz
inner_training,0,1,4,FP1-F3,500326656,-0.00026185653996983147,78.86986274871619,78.86986274871619,artifacts\scalers\outer_00\inner_01_scaler.npz
inner_training,0,1,5,F3-C3,500326656,-0.00025186818051016745,62.788913882332274,62.788913882332274,artifacts\scalers\outer_00\inner_01_scaler.npz
inner_training,0,1,6,C3-P3,500326656,0.0006164651590361417,48.28231333596825,48.28231333596825,artifacts\scalers\outer_00\inner_01_scaler.npz
inner_training,0,1,7,P3-O1,500326656,-0.0014608758801585898,59.82595517949195,59.82595517949195,artifacts\scalers\outer_00\inner_01_scaler.npz
inner_training,0,1,8,FZ-CZ,500326656,0.0008424992433300989,62.50397042168586,62.50397042168586,artifacts\scalers\outer_00\inner_01_scaler.npz
inner_training,0,1,9,CZ-PZ,500326656,-0.00039630016736681603,55.46261438086799,55.46261438086799,artifacts\scalers\outer_00\inner_01_scaler.npz
inner_training,0,1,10,FP2-F4,500326656,-0.0009948292876464206,77.37705539271195,77.37705539271195,artifacts\scalers\outer_00\inner_01_scaler.npz
inner_training,0,1,11,F4-C4,500326656,0.0007394460796661038,56.10932701654661,56.10932701654661,artifacts\scalers\outer_00\inner_01_scaler.npz
inner_training,0,1,12,C4-P4,500326656,-0.0013568725192199403,60.951771204222396,60.951771204222396,artifacts\scalers\outer_00\inner_01_scaler.npz
inner_training,0,1,13,P4-O2,500326656,-0.00021950690607875915,64.34471071555295,64.34471071555295,artifacts\scalers\outer_00\inner_01_scaler.npz
inner_training,0,1,14,FP2-F8,500326656,-0.0014592703363577183,71.88453850177554,71.88453850177554,artifacts\scalers\outer_00\inner_01_scaler.npz
inner_training,0,1,15,F8-T8,500326656,0.00012814553935393304,58.47928220247305,58.47928220247305,artifacts\scalers\outer_00\inner_01_scaler.npz
inner_training,0,1,16,P8-O2,500326656,2.6607353333616517e-05,53.135667969920924,53.135667969920924,artifacts\scalers\outer_00\inner_01_scaler.npz
inner_training,0,2,0,FP1-F7,543733504,-1.3377610274536517e-05,73.85521442838602,73.85521442838602,artifacts\scalers\outer_00\inner_02_scaler.npz
inner_training,0,2,1,F7-T7,543733504,0.0015299732320259512,64.95511788759731,64.95511788759731,artifacts\scalers\outer_00\inner_02_scaler.npz
inner_training,0,2,2,T7-P7,543733504,-0.001470041146510266,56.261399524286155,56.261399524286155,artifacts\scalers\outer_00\inner_02_scaler.npz
inner_training,0,2,3,P7-O1,543733504,-0.0008034015735708612,53.221358996509224,53.221358996509224,artifacts\scalers\outer_00\inner_02_scaler.npz
inner_training,0,2,4,FP1-F3,543733504,-8.4681697330966e-05,75.41412253643277,75.41412253643277,artifacts\scalers\outer_00\inner_02_scaler.npz
inner_training,0,2,5,F3-C3,543733504,5.95666834298333e-05,55.09156003774866,55.09156003774866,artifacts\scalers\outer_00\inner_02_scaler.npz
inner_training,0,2,6,C3-P3,543733504,0.0008707911205975386,42.16720246245967,42.16720246245967,artifacts\scalers\outer_00\inner_02_scaler.npz
inner_training,0,2,7,P3-O1,543733504,-0.001600590384761375,51.79078877979224,51.79078877979224,artifacts\scalers\outer_00\inner_02_scaler.npz
inner_training,0,2,8,FZ-CZ,543733504,6.325866280199713e-05,53.46075947701694,53.46075947701694,artifacts\scalers\outer_00\inner_02_scaler.npz
inner_training,0,2,9,CZ-PZ,543733504,0.0002787842110155264,47.741559528568196,47.741559528568196,artifacts\scalers\outer_00\inner_02_scaler.npz
inner_training,0,2,10,FP2-F4,543733504,-0.0008588750014299645,76.23609401774637,76.23609401774637,artifacts\scalers\outer_00\inner_02_scaler.npz
inner_training,0,2,11,F4-C4,543733504,0.00041815988867454116,49.19658852480027,49.19658852480027,artifacts\scalers\outer_00\inner_02_scaler.npz
inner_training,0,2,12,C4-P4,543733504,-0.00042022623981846093,55.411026941463334,55.411026941463334,artifacts\scalers\outer_00\inner_02_scaler.npz
inner_training,0,2,13,P4-O2,543733504,-0.00036278474441514736,57.22728831982849,57.22728831982849,artifacts\scalers\outer_00\inner_02_scaler.npz
inner_training,0,2,14,FP2-F8,543733504,-0.0006056454997033048,72.40801958256633,72.40801958256633,artifacts\scalers\outer_00\inner_02_scaler.npz
inner_training,0,2,15,F8-T8,543733504,7.312498107314466e-06,54.78896086076253,54.78896086076253,artifacts\scalers\outer_00\inner_02_scaler.npz
inner_training,0,2,16,P8-O2,543733504,-9.986099701189414e-05,46.52483984235607,46.52483984235607,artifacts\scalers\outer_00\inner_02_scaler.npz
inner_training,0,3,0,FP1-F7,510113280,0.0005553363757042403,74.25572517649208,74.25572517649208,artifacts\scalers\outer_00\inner_03_scaler.npz
inner_training,0,3,1,F7-T7,510113280,0.0008663573837910429,62.62042355598121,62.62042355598121,artifacts\scalers\outer_00\inner_03_scaler.npz
inner_training,0,3,2,T7-P7,510113280,-0.0013844232192681744,55.946051455281754,55.946051455281754,artifacts\scalers\outer_00\inner_03_scaler.npz
inner_training,0,3,3,P7-O1,510113280,6.509468077101521e-06,50.48820922361858,50.48820922361858,artifacts\scalers\outer_00\inner_03_scaler.npz
inner_training,0,3,4,FP1-F3,510113280,-0.00013809502619239062,77.21844210319394,77.21844210319394,artifacts\scalers\outer_00\inner_03_scaler.npz
inner_training,0,3,5,F3-C3,510113280,0.00029631614830243704,52.77480947018478,52.77480947018478,artifacts\scalers\outer_00\inner_03_scaler.npz
inner_training,0,3,6,C3-P3,510113280,4.859855647040378e-05,43.329912801601,43.329912801601,artifacts\scalers\outer_00\inner_03_scaler.npz
inner_training,0,3,7,P3-O1,510113280,-0.00016998335007225955,51.680383603099514,51.680383603099514,artifacts\scalers\outer_00\inner_03_scaler.npz
inner_training,0,3,8,FZ-CZ,510113280,0.00021688557680131582,55.40673686164556,55.40673686164556,artifacts\scalers\outer_00\inner_03_scaler.npz
inner_training,0,3,9,CZ-PZ,510113280,0.00013962260159515694,51.1117593254449,51.1117593254449,artifacts\scalers\outer_00\inner_03_scaler.npz
inner_training,0,3,10,FP2-F4,510113280,-0.0003968286568262137,77.17773244739962,77.17773244739962,artifacts\scalers\outer_00\inner_03_scaler.npz
inner_training,0,3,11,F4-C4,510113280,0.0013413723104308323,54.16388752194548,54.16388752194548,artifacts\scalers\outer_00\inner_03_scaler.npz
inner_training,0,3,12,C4-P4,510113280,-0.0014871758628691026,61.598795124262345,61.598795124262345,artifacts\scalers\outer_00\inner_03_scaler.npz
inner_training,0,3,13,P4-O2,510113280,-0.0007631702968636759,60.15882184830985,60.15882184830985,artifacts\scalers\outer_00\inner_03_scaler.npz
inner_training,0,3,14,FP2-F8,510113280,-0.0009467744739148687,74.64968680807289,74.64968680807289,artifacts\scalers\outer_00\inner_03_scaler.npz
inner_training,0,3,15,F8-T8,510113280,0.0004716439584804059,56.42878777013676,56.42878777013676,artifacts\scalers\outer_00\inner_03_scaler.npz
inner_training,0,3,16,P8-O2,510113280,-0.0004359201985014888,48.495966229880814,48.495966229880814,artifacts\scalers\outer_00\inner_03_scaler.npz
inner_training,1,0,0,FP1-F7,448819456,0.0013101092017977752,62.61482135713657,62.61482135713657,artifacts\scalers\outer_01\inner_00_scaler.npz
inner_training,1,0,1,F7-T7,448819456,0.000467915455093788,63.29944952157787,63.29944952157787,artifacts\scalers\outer_01\inner_00_scaler.npz
inner_training,1,0,2,T7-P7,448819456,-0.0016362499449457644,52.98605783793116,52.98605783793116,artifacts\scalers\outer_01\inner_00_scaler.npz
inner_training,1,0,3,P7-O1,448819456,-0.0016818636943077131,57.0296967293116,57.0296967293116,artifacts\scalers\outer_01\inner_00_scaler.npz
inner_training,1,0,4,FP1-F3,448819456,0.0011218773265554152,74.69718095324728,74.69718095324728,artifacts\scalers\outer_01\inner_00_scaler.npz
inner_training,1,0,5,F3-C3,448819456,0.0012886094596801956,67.24802971063548,67.24802971063548,artifacts\scalers\outer_01\inner_00_scaler.npz
inner_training,1,0,6,C3-P3,448819456,-0.0001869818441337576,55.7727365211242,55.7727365211242,artifacts\scalers\outer_01\inner_00_scaler.npz
inner_training,1,0,7,P3-O1,448819456,-0.0037761642452757405,61.002057921721914,61.002057921721914,artifacts\scalers\outer_01\inner_00_scaler.npz
inner_training,1,0,8,FZ-CZ,448819456,0.003069158838471262,64.17305702144697,64.17305702144697,artifacts\scalers\outer_01\inner_00_scaler.npz
inner_training,1,0,9,CZ-PZ,448819456,-0.0011236872407668773,57.430310827195505,57.430310827195505,artifacts\scalers\outer_01\inner_00_scaler.npz
inner_training,1,0,10,FP2-F4,448819456,0.00147441124996068,71.82109290533572,71.82109290533572,artifacts\scalers\outer_01\inner_00_scaler.npz
inner_training,1,0,11,F4-C4,448819456,-0.00022846394720671019,55.047340334174116,55.047340334174116,artifacts\scalers\outer_01\inner_00_scaler.npz
inner_training,1,0,12,C4-P4,448819456,0.0006236820977802058,52.361766395244025,52.361766395244025,artifacts\scalers\outer_01\inner_00_scaler.npz
inner_training,1,0,13,P4-O2,448819456,-0.002021750259039524,56.77058724361354,56.77058724361354,artifacts\scalers\outer_01\inner_00_scaler.npz
inner_training,1,0,14,FP2-F8,448819456,-1.097973465230285e-05,66.46766907159915,66.46766907159915,artifacts\scalers\outer_01\inner_00_scaler.npz
inner_training,1,0,15,F8-T8,448819456,0.00047892879703586514,54.73703424521486,54.73703424521486,artifacts\scalers\outer_01\inner_00_scaler.npz
inner_training,1,0,16,P8-O2,448819456,-0.00023881720575034667,53.47027103879359,53.47027103879359,artifacts\scalers\outer_01\inner_00_scaler.npz
inner_training,1,1,0,FP1-F7,500326656,-0.0003708692890752702,72.83883432525971,72.83883432525971,artifacts\scalers\outer_01\inner_01_scaler.npz
inner_training,1,1,1,F7-T7,500326656,0.0010459310948072432,66.80573514809247,66.80573514809247,artifacts\scalers\outer_01\inner_01_scaler.npz
inner_training,1,1,2,T7-P7,500326656,-0.0011321334258604513,56.9105333224731,56.9105333224731,artifacts\scalers\outer_01\inner_01_scaler.npz
inner_training,1,1,3,P7-O1,500326656,-0.0008984553603848412,59.06552248255025,59.06552248255025,artifacts\scalers\outer_01\inner_01_scaler.npz
inner_training,1,1,4,FP1-F3,500326656,-0.00026185653996983147,78.86986274871619,78.86986274871619,artifacts\scalers\outer_01\inner_01_scaler.npz
inner_training,1,1,5,F3-C3,500326656,-0.00025186818051016745,62.788913882332274,62.788913882332274,artifacts\scalers\outer_01\inner_01_scaler.npz
inner_training,1,1,6,C3-P3,500326656,0.0006164651590361417,48.28231333596825,48.28231333596825,artifacts\scalers\outer_01\inner_01_scaler.npz
inner_training,1,1,7,P3-O1,500326656,-0.0014608758801585898,59.82595517949195,59.82595517949195,artifacts\scalers\outer_01\inner_01_scaler.npz
inner_training,1,1,8,FZ-CZ,500326656,0.0008424992433300989,62.50397042168586,62.50397042168586,artifacts\scalers\outer_01\inner_01_scaler.npz
inner_training,1,1,9,CZ-PZ,500326656,-0.00039630016736681603,55.46261438086799,55.46261438086799,artifacts\scalers\outer_01\inner_01_scaler.npz
inner_training,1,1,10,FP2-F4,500326656,-0.0009948292876464206,77.37705539271195,77.37705539271195,artifacts\scalers\outer_01\inner_01_scaler.npz
inner_training,1,1,11,F4-C4,500326656,0.0007394460796661038,56.10932701654661,56.10932701654661,artifacts\scalers\outer_01\inner_01_scaler.npz
inner_training,1,1,12,C4-P4,500326656,-0.0013568725192199403,60.951771204222396,60.951771204222396,artifacts\scalers\outer_01\inner_01_scaler.npz
inner_training,1,1,13,P4-O2,500326656,-0.00021950690607875915,64.34471071555295,64.34471071555295,artifacts\scalers\outer_01\inner_01_scaler.npz
inner_training,1,1,14,FP2-F8,500326656,-0.0014592703363577183,71.88453850177554,71.88453850177554,artifacts\scalers\outer_01\inner_01_scaler.npz
inner_training,1,1,15,F8-T8,500326656,0.00012814553935393304,58.47928220247305,58.47928220247305,artifacts\scalers\outer_01\inner_01_scaler.npz
inner_training,1,1,16,P8-O2,500326656,2.6607353333616517e-05,53.135667969920924,53.135667969920924,artifacts\scalers\outer_01\inner_01_scaler.npz
inner_training,1,2,0,FP1-F7,534680064,0.0019387035999200862,70.58395963067184,70.58395963067184,artifacts\scalers\outer_01\inner_02_scaler.npz
inner_training,1,2,1,F7-T7,534680064,0.00036386241503893346,60.565654083125196,60.565654083125196,artifacts\scalers\outer_01\inner_02_scaler.npz
inner_training,1,2,2,T7-P7,534680064,-0.0016687813706529346,52.623595848273574,52.623595848273574,artifacts\scalers\outer_01\inner_02_scaler.npz
inner_training,1,2,3,P7-O1,534680064,-0.000169128707768892,52.65602037945192,52.65602037945192,artifacts\scalers\outer_01\inner_02_scaler.npz
inner_training,1,2,4,FP1-F3,534680064,0.0014264449616214357,72.0510212625567,72.0510212625567,artifacts\scalers\outer_01\inner_02_scaler.npz
inner_training,1,2,5,F3-C3,534680064,0.000734140667098062,57.15405535092378,57.15405535092378,artifacts\scalers\outer_01\inner_02_scaler.npz
inner_training,1,2,6,C3-P3,534680064,0.0002678906410148746,46.27640194178567,46.27640194178567,artifacts\scalers\outer_01\inner_02_scaler.npz
inner_training,1,2,7,P3-O1,534680064,-0.0019688697883763896,52.57533447303895,52.57533447303895,artifacts\scalers\outer_01\inner_02_scaler.npz
inner_training,1,2,8,FZ-CZ,534680064,0.0010538384353040698,51.96147484533296,51.96147484533296,artifacts\scalers\outer_01\inner_02_scaler.npz
inner_training,1,2,9,CZ-PZ,534680064,1.799465514052819e-05,45.883329486599415,45.883329486599415,artifacts\scalers\outer_01\inner_02_scaler.npz
inner_training,1,2,10,FP2-F4,534680064,0.0002204484380377129,72.56838903748944,72.56838903748944,artifacts\scalers\outer_01\inner_02_scaler.npz
inner_training,1,2,11,F4-C4,534680064,-0.0008259140805692288,46.51998496104901,46.51998496104901,artifacts\scalers\outer_01\inner_02_scaler.npz
inner_training,1,2,12,C4-P4,534680064,0.0013052986089675412,50.320827625986865,50.320827625986865,artifacts\scalers\outer_01\inner_02_scaler.npz
inner_training,1,2,13,P4-O2,534680064,-0.000981689549524353,56.19598723129502,56.19598723129502,artifacts\scalers\outer_01\inner_02_scaler.npz
inner_training,1,2,14,FP2-F8,534680064,0.0002498049435502197,69.47370129525352,69.47370129525352,artifacts\scalers\outer_01\inner_02_scaler.npz
inner_training,1,2,15,F8-T8,534680064,-0.0006664859006978499,52.95036000714266,52.95036000714266,artifacts\scalers\outer_01\inner_02_scaler.npz
inner_training,1,2,16,P8-O2,534680064,-0.00012979219533545028,46.654482283062315,46.654482283062315,artifacts\scalers\outer_01\inner_02_scaler.npz
inner_training,1,3,0,FP1-F7,501059840,0.0026486746171990646,70.78688773462814,70.78688773462814,artifacts\scalers\outer_01\inner_03_scaler.npz
inner_training,1,3,1,F7-T7,501059840,-0.0003899879910902383,57.68880136007587,57.68880136007587,artifacts\scalers\outer_01\inner_03_scaler.npz
inner_training,1,3,2,T7-P7,501059840,-0.0015949515645388025,52.025391258668186,52.025391258668186,artifacts\scalers\outer_01\inner_03_scaler.npz
inner_training,1,3,3,P7-O1,501059840,0.0006979748577226926,49.80024920916589,49.80024920916589,artifacts\scalers\outer_01\inner_03_scaler.npz
inner_training,1,3,4,FP1-F3,501059840,0.001473460440621173,73.74582653459593,73.74582653459593,artifacts\scalers\outer_01\inner_03_scaler.npz
inner_training,1,3,5,F3-C3,501059840,0.0010204305731099006,55.024584375763,55.024584375763,artifacts\scalers\outer_01\inner_03_scaler.npz
inner_training,1,3,6,C3-P3,501059840,-0.0006096113253206824,47.61402726314377,47.61402726314377,artifacts\scalers\outer_01\inner_03_scaler.npz
inner_training,1,3,7,P3-O1,501059840,-0.0005371246083751048,52.51694615866782,52.51694615866782,artifacts\scalers\outer_01\inner_03_scaler.npz
inner_training,1,3,8,FZ-CZ,501059840,0.001276707310282873,53.898710954043175,53.898710954043175,artifacts\scalers\outer_01\inner_03_scaler.npz
inner_training,1,3,9,CZ-PZ,501059840,-0.00014117992232487312,49.323234752232175,49.323234752232175,artifacts\scalers\outer_01\inner_03_scaler.npz
inner_training,1,3,10,FP2-F4,501059840,0.0007632639870970493,73.32544834486893,73.32544834486893,artifacts\scalers\outer_01\inner_03_scaler.npz
inner_training,1,3,11,F4-C4,501059840,3.050432861778649e-05,51.668345778537386,51.668345778537386,artifacts\scalers\outer_01\inner_03_scaler.npz
inner_training,1,3,12,C4-P4,501059840,0.000334850368942208,56.861107359706914,56.861107359706914,artifacts\scalers\outer_01\inner_03_scaler.npz
inner_training,1,3,13,P4-O2,501059840,-0.001430836912056099,59.164849064191216,59.164849064191216,artifacts\scalers\outer_01\inner_03_scaler.npz
inner_training,1,3,14,FP2-F8,501059840,-4.008854385243008e-05,71.65382933255549,71.65382933255549,artifacts\scalers\outer_01\inner_03_scaler.npz
inner_training,1,3,15,F8-T8,501059840,-0.00023897530404049902,54.55384799633934,54.55384799633934,artifacts\scalers\outer_01\inner_03_scaler.npz
inner_training,1,3,16,P8-O2,501059840,-0.0004739318396906323,48.6634718320488,48.6634718320488,artifacts\scalers\outer_01\inner_03_scaler.npz
inner_training,2,0,0,FP1-F7,458606080,0.0023044673777142277,64.66833740625114,64.66833740625114,artifacts\scalers\outer_02\inner_00_scaler.npz
inner_training,2,0,1,F7-T7,458606080,0.000280508186101081,58.4296847194799,58.4296847194799,artifacts\scalers\outer_02\inner_00_scaler.npz
inner_training,2,0,2,T7-P7,458606080,-0.0019061172245100901,51.91967656021713,51.91967656021713,artifacts\scalers\outer_02\inner_00_scaler.npz
inner_training,2,0,3,P7-O1,458606080,-0.0006585421113624361,47.03419899137136,47.03419899137136,artifacts\scalers\outer_02\inner_00_scaler.npz
inner_training,2,0,4,FP1-F3,458606080,0.00123001001564455,72.84658690703188,72.84658690703188,artifacts\scalers\outer_02\inner_00_scaler.npz
inner_training,2,0,5,F3-C3,458606080,0.001865488053549352,56.768660069152084,56.768660069152084,artifacts\scalers\outer_02\inner_00_scaler.npz
inner_training,2,0,6,C3-P3,458606080,-0.0008014814633130641,50.88525101477101,50.88525101477101,artifacts\scalers\outer_02\inner_00_scaler.npz
inner_training,2,0,7,P3-O1,458606080,-0.0022908802313114833,52.03771852040656,52.03771852040656,artifacts\scalers\outer_02\inner_00_scaler.npz
inner_training,2,0,8,FZ-CZ,458606080,0.0023257641593613324,56.416680444125745,56.416680444125745,artifacts\scalers\outer_02\inner_00_scaler.npz
inner_training,2,0,9,CZ-PZ,458606080,-0.0005120512474287575,52.704196883131736,52.704196883131736,artifacts\scalers\outer_02\inner_00_scaler.npz
inner_training,2,0,10,FP2-F4,458606080,0.0020868813997734484,71.7055970204037,71.7055970204037,artifacts\scalers\outer_02\inner_00_scaler.npz
inner_training,2,0,11,F4-C4,458606080,0.0004617212666314208,52.85928998497306,52.85928998497306,artifacts\scalers\outer_02\inner_00_scaler.npz
inner_training,2,0,12,C4-P4,458606080,0.0004364791514697555,53.39217978342914,53.39217978342914,artifacts\scalers\outer_02\inner_00_scaler.npz
inner_training,2,0,13,P4-O2,458606080,-0.0025880140936517674,51.60218104744833,51.60218104744833,artifacts\scalers\outer_02\inner_00_scaler.npz
inner_training,2,0,14,FP2-F8,458606080,0.0005281693970284768,69.89020379083038,69.89020379083038,artifacts\scalers\outer_02\inner_00_scaler.npz
inner_training,2,0,15,F8-T8,458606080,0.000853520693870272,52.374641285833846,52.374641285833846,artifacts\scalers\outer_02\inner_00_scaler.npz
inner_training,2,0,16,P8-O2,458606080,-0.0007476282450563565,48.30950538910973,48.30950538910973,artifacts\scalers\outer_02\inner_00_scaler.npz
inner_training,2,1,0,FP1-F7,510113280,0.0005553363757042403,74.25572517649208,74.25572517649208,artifacts\scalers\outer_02\inner_01_scaler.npz
inner_training,2,1,1,F7-T7,510113280,0.0008663573837910429,62.62042355598121,62.62042355598121,artifacts\scalers\outer_02\inner_01_scaler.npz
inner_training,2,1,2,T7-P7,510113280,-0.0013844232192681744,55.946051455281754,55.946051455281754,artifacts\scalers\outer_02\inner_01_scaler.npz
inner_training,2,1,3,P7-O1,510113280,6.509468077101521e-06,50.48820922361858,50.48820922361858,artifacts\scalers\outer_02\inner_01_scaler.npz
inner_training,2,1,4,FP1-F3,510113280,-0.00013809502619239062,77.21844210319394,77.21844210319394,artifacts\scalers\outer_02\inner_01_scaler.npz
inner_training,2,1,5,F3-C3,510113280,0.00029631614830243704,52.77480947018478,52.77480947018478,artifacts\scalers\outer_02\inner_01_scaler.npz
inner_training,2,1,6,C3-P3,510113280,4.859855647040378e-05,43.329912801601,43.329912801601,artifacts\scalers\outer_02\inner_01_scaler.npz
inner_training,2,1,7,P3-O1,510113280,-0.00016998335007225955,51.680383603099514,51.680383603099514,artifacts\scalers\outer_02\inner_01_scaler.npz
inner_training,2,1,8,FZ-CZ,510113280,0.00021688557680131582,55.40673686164556,55.40673686164556,artifacts\scalers\outer_02\inner_01_scaler.npz
inner_training,2,1,9,CZ-PZ,510113280,0.00013962260159515694,51.1117593254449,51.1117593254449,artifacts\scalers\outer_02\inner_01_scaler.npz
inner_training,2,1,10,FP2-F4,510113280,-0.0003968286568262137,77.17773244739962,77.17773244739962,artifacts\scalers\outer_02\inner_01_scaler.npz
inner_training,2,1,11,F4-C4,510113280,0.0013413723104308323,54.16388752194548,54.16388752194548,artifacts\scalers\outer_02\inner_01_scaler.npz
inner_training,2,1,12,C4-P4,510113280,-0.0014871758628691026,61.598795124262345,61.598795124262345,artifacts\scalers\outer_02\inner_01_scaler.npz
inner_training,2,1,13,P4-O2,510113280,-0.0007631702968636759,60.15882184830985,60.15882184830985,artifacts\scalers\outer_02\inner_01_scaler.npz
inner_training,2,1,14,FP2-F8,510113280,-0.0009467744739148687,74.64968680807289,74.64968680807289,artifacts\scalers\outer_02\inner_01_scaler.npz
inner_training,2,1,15,F8-T8,510113280,0.0004716439584804059,56.42878777013676,56.42878777013676,artifacts\scalers\outer_02\inner_01_scaler.npz
inner_training,2,1,16,P8-O2,510113280,-0.0004359201985014888,48.495966229880814,48.495966229880814,artifacts\scalers\outer_02\inner_01_scaler.npz
inner_training,2,2,0,FP1-F7,501059840,0.0026486746171990646,70.78688773462814,70.78688773462814,artifacts\scalers\outer_02\inner_02_scaler.npz
inner_training,2,2,1,F7-T7,501059840,-0.0003899879910902383,57.68880136007587,57.68880136007587,artifacts\scalers\outer_02\inner_02_scaler.npz
inner_training,2,2,2,T7-P7,501059840,-0.0015949515645388025,52.025391258668186,52.025391258668186,artifacts\scalers\outer_02\inner_02_scaler.npz
inner_training,2,2,3,P7-O1,501059840,0.0006979748577226926,49.80024920916589,49.80024920916589,artifacts\scalers\outer_02\inner_02_scaler.npz
inner_training,2,2,4,FP1-F3,501059840,0.001473460440621173,73.74582653459593,73.74582653459593,artifacts\scalers\outer_02\inner_02_scaler.npz
inner_training,2,2,5,F3-C3,501059840,0.0010204305731099006,55.024584375763,55.024584375763,artifacts\scalers\outer_02\inner_02_scaler.npz
inner_training,2,2,6,C3-P3,501059840,-0.0006096113253206824,47.61402726314377,47.61402726314377,artifacts\scalers\outer_02\inner_02_scaler.npz
inner_training,2,2,7,P3-O1,501059840,-0.0005371246083751048,52.51694615866782,52.51694615866782,artifacts\scalers\outer_02\inner_02_scaler.npz
inner_training,2,2,8,FZ-CZ,501059840,0.001276707310282873,53.898710954043175,53.898710954043175,artifacts\scalers\outer_02\inner_02_scaler.npz
inner_training,2,2,9,CZ-PZ,501059840,-0.00014117992232487312,49.323234752232175,49.323234752232175,artifacts\scalers\outer_02\inner_02_scaler.npz
inner_training,2,2,10,FP2-F4,501059840,0.0007632639870970493,73.32544834486893,73.32544834486893,artifacts\scalers\outer_02\inner_02_scaler.npz
inner_training,2,2,11,F4-C4,501059840,3.050432861778649e-05,51.668345778537386,51.668345778537386,artifacts\scalers\outer_02\inner_02_scaler.npz
inner_training,2,2,12,C4-P4,501059840,0.000334850368942208,56.861107359706914,56.861107359706914,artifacts\scalers\outer_02\inner_02_scaler.npz
inner_training,2,2,13,P4-O2,501059840,-0.001430836912056099,59.164849064191216,59.164849064191216,artifacts\scalers\outer_02\inner_02_scaler.npz
inner_training,2,2,14,FP2-F8,501059840,-4.008854385243008e-05,71.65382933255549,71.65382933255549,artifacts\scalers\outer_02\inner_02_scaler.npz
inner_training,2,2,15,F8-T8,501059840,-0.00023897530404049902,54.55384799633934,54.55384799633934,artifacts\scalers\outer_02\inner_02_scaler.npz
inner_training,2,2,16,P8-O2,501059840,-0.0004739318396906323,48.6634718320488,48.6634718320488,artifacts\scalers\outer_02\inner_02_scaler.npz
inner_training,2,3,0,FP1-F7,544466688,0.002764955964050149,71.99427157227358,71.99427157227358,artifacts\scalers\outer_02\inner_03_scaler.npz
inner_training,2,3,1,F7-T7,544466688,0.00020787897860658888,56.346909564474586,56.346909564474586,artifacts\scalers\outer_02\inner_03_scaler.npz
inner_training,2,3,2,T7-P7,544466688,-0.0018955067242703069,51.72719638118751,51.72719638118751,artifacts\scalers\outer_02\inner_03_scaler.npz
inner_training,2,3,3,P7-O1,544466688,0.0006656274696540833,43.64791523470023,43.64791523470023,artifacts\scalers\outer_02\inner_03_scaler.npz
inner_training,2,3,4,FP1-F3,544466688,0.0015120509697819692,70.48648131314165,70.48648131314165,artifacts\scalers\outer_02\inner_03_scaler.npz
inner_training,2,3,5,F3-C3,544466688,0.0012300138106961166,46.845337363168525,46.845337363168525,artifacts\scalers\outer_02\inner_03_scaler.npz
inner_training,2,3,6,C3-P3,544466688,-0.00025788060230021615,41.47096308278899,41.47096308278899,artifacts\scalers\outer_02\inner_03_scaler.npz
inner_training,2,3,7,P3-O1,544466688,-0.0007502957550209188,43.90718066376449,43.90718066376449,artifacts\scalers\outer_02\inner_03_scaler.npz
inner_training,2,3,8,FZ-CZ,544466688,0.00046389942942289295,44.01871050720238,44.01871050720238,artifacts\scalers\outer_02\inner_03_scaler.npz
inner_training,2,3,9,CZ-PZ,544466688,0.0005126562750059627,41.088894322412166,41.088894322412166,artifacts\scalers\outer_02\inner_03_scaler.npz
inner_training,2,3,10,FP2-F4,544466688,0.0007588736595141076,72.45873959783204,72.45873959783204,artifacts\scalers\outer_02\inner_03_scaler.npz
inner_training,2,3,11,F4-C4,544466688,-0.00023382982213570694,44.50623286653049,44.50623286653049,artifacts\scalers\outer_02\inner_03_scaler.npz
inner_training,2,3,12,C4-P4,544466688,0.0011353651017057193,51.26147341864156,51.26147341864156,artifacts\scalers\outer_02\inner_03_scaler.npz
inner_training,2,3,13,P4-O2,544466688,-0.0014773502143297771,51.83984430561572,51.83984430561572,artifacts\scalers\outer_02\inner_03_scaler.npz
inner_training,2,3,14,FP2-F8,544466688,0.0006992445026973117,72.19656543972648,72.19656543972648,artifacts\scalers\outer_02\inner_03_scaler.npz
inner_training,2,3,15,F8-T8,544466688,-0.00033037743270322896,50.931941710664724,50.931941710664724,artifacts\scalers\outer_02\inner_03_scaler.npz
inner_training,2,3,16,P8-O2,544466688,-0.0005603250968825543,41.7908796947614,41.7908796947614,artifacts\scalers\outer_02\inner_03_scaler.npz
inner_training,3,0,0,FP1-F7,468932096,-0.0007450985895776121,66.92248093224444,66.92248093224444,artifacts\scalers\outer_03\inner_00_scaler.npz
inner_training,3,0,1,F7-T7,468932096,0.0017200506945376553,68.08084798266943,68.08084798266943,artifacts\scalers\outer_03\inner_00_scaler.npz
inner_training,3,0,2,T7-P7,468932096,-0.00138890741607435,57.112681120724766,57.112681120724766,artifacts\scalers\outer_03\inner_00_scaler.npz
inner_training,3,0,3,P7-O1,468932096,-0.0024303638742170742,57.309823233212235,57.309823233212235,artifacts\scalers\outer_03\inner_00_scaler.npz
inner_training,3,0,4,FP1-F3,468932096,-0.0006087585832436733,78.15100609294372,78.15100609294372,artifacts\scalers\outer_03\inner_00_scaler.npz
inner_training,3,0,5,F3-C3,468932096,0.0009576286269282312,67.96029020609674,67.96029020609674,artifacts\scalers\outer_03\inner_00_scaler.npz
inner_training,3,0,6,C3-P3,468932096,0.0001096377775109147,55.35687296269069,55.35687296269069,artifacts\scalers\outer_03\inner_00_scaler.npz
inner_training,3,0,7,P3-O1,468932096,-0.0033061420618541574,60.080616956378904,60.080616956378904,artifacts\scalers\outer_03\inner_00_scaler.npz
inner_training,3,0,8,FZ-CZ,468932096,0.0018732358288420434,65.28378668723741,65.28378668723741,artifacts\scalers\outer_03\inner_00_scaler.npz
inner_training,3,0,9,CZ-PZ,468932096,-0.0007079612041741617,58.654041286552314,58.654041286552314,artifacts\scalers\outer_03\inner_00_scaler.npz
inner_training,3,0,10,FP2-F4,468932096,0.00038406118053998085,76.20551065972826,76.20551065972826,artifacts\scalers\outer_03\inner_00_scaler.npz
inner_training,3,0,11,F4-C4,468932096,0.001290118085797078,57.66320280348466,57.66320280348466,artifacts\scalers\outer_03\inner_00_scaler.npz
inner_training,3,0,12,C4-P4,468932096,-0.001468588846188765,57.57927594982222,57.57927594982222,artifacts\scalers\outer_03\inner_00_scaler.npz
inner_training,3,0,13,P4-O2,468932096,-0.0013569659558441722,57.60598068622933,57.60598068622933,artifacts\scalers\outer_03\inner_00_scaler.npz
inner_training,3,0,14,FP2-F8,468932096,-0.0008246994837145279,70.22818045342052,70.22818045342052,artifacts\scalers\outer_03\inner_00_scaler.npz
inner_training,3,0,15,F8-T8,468932096,0.00137939600822312,56.56416103345745,56.56416103345745,artifacts\scalers\outer_03\inner_00_scaler.npz
inner_training,3,0,16,P8-O2,468932096,-0.00040450697432623927,53.05546077561114,53.05546077561114,artifacts\scalers\outer_03\inner_00_scaler.npz
inner_training,3,1,0,FP1-F7,455270656,0.0010287381472563221,63.66366962870467,63.66366962870467,artifacts\scalers\outer_03\inner_01_scaler.npz
inner_training,3,1,1,F7-T7,455270656,0.0006657014078022682,65.09954120908824,65.09954120908824,artifacts\scalers\outer_03\inner_01_scaler.npz
inner_training,3,1,2,T7-P7,455270656,-0.0017022238619910073,55.66297055442914,55.66297055442914,artifacts\scalers\outer_03\inner_01_scaler.npz
inner_training,3,1,3,P7-O1,455270656,-0.0015036482179580004,56.50641385976123,56.50641385976123,artifacts\scalers\outer_03\inner_01_scaler.npz
inner_training,3,1,4,FP1-F3,455270656,0.0011426945114885749,75.19323026537452,75.19323026537452,artifacts\scalers\outer_03\inner_01_scaler.npz
inner_training,3,1,5,F3-C3,455270656,0.000756545209889868,63.37176933492415,63.37176933492415,artifacts\scalers\outer_03\inner_01_scaler.npz
inner_training,3,1,6,C3-P3,455270656,0.00022026975518519253,51.214166610785455,51.214166610785455,artifacts\scalers\outer_03\inner_01_scaler.npz
inner_training,3,1,7,P3-O1,455270656,-0.003643576711527616,60.10526463789923,60.10526463789923,artifacts\scalers\outer_03\inner_01_scaler.npz
inner_training,3,1,8,FZ-CZ,455270656,0.002949153518244129,64.3271240680485,64.3271240680485,artifacts\scalers\outer_03\inner_01_scaler.npz
inner_training,3,1,9,CZ-PZ,455270656,-0.001185577070696082,57.55205185034679,57.55205185034679,artifacts\scalers\outer_03\inner_01_scaler.npz
inner_training,3,1,10,FP2-F4,455270656,0.001230317309276335,71.86165104903658,71.86165104903658,artifacts\scalers\outer_03\inner_01_scaler.npz
inner_training,3,1,11,F4-C4,455270656,-0.0003960151099286207,54.92945091581932,54.92945091581932,artifacts\scalers\outer_03\inner_01_scaler.npz
inner_training,3,1,12,C4-P4,455270656,0.0007332821958432575,52.18612920087576,52.18612920087576,artifacts\scalers\outer_03\inner_01_scaler.npz
inner_training,3,1,13,P4-O2,455270656,-0.0018585054977108442,56.55041131348387,56.55041131348387,artifacts\scalers\outer_03\inner_01_scaler.npz
inner_training,3,1,14,FP2-F8,455270656,-0.0002798750023119299,66.34715592200953,66.34715592200953,artifacts\scalers\outer_03\inner_01_scaler.npz
inner_training,3,1,15,F8-T8,455270656,0.0003102777551470602,54.920147378187956,54.920147378187956,artifacts\scalers\outer_03\inner_01_scaler.npz
inner_training,3,1,16,P8-O2,455270656,-6.363961114968722e-05,53.14826345097085,53.14826345097085,artifacts\scalers\outer_03\inner_01_scaler.npz
inner_training,3,2,0,FP1-F7,474715904,0.0016419836788372332,64.04084592131382,64.04084592131382,artifacts\scalers\outer_03\inner_02_scaler.npz
inner_training,3,2,1,F7-T7,474715904,0.0009822835269940964,59.595865642469946,59.595865642469946,artifacts\scalers\outer_03\inner_02_scaler.npz
inner_training,3,2,2,T7-P7,474715904,-0.00193123333086747,49.88028762695852,49.88028762695852,artifacts\scalers\outer_03\inner_02_scaler.npz
inner_training,3,2,3,P7-O1,474715904,-0.0016305303729335706,51.059932875526435,51.059932875526435,artifacts\scalers\outer_03\inner_02_scaler.npz
inner_training,3,2,4,FP1-F3,474715904,0.0011628551723204803,70.67836596311089,70.67836596311089,artifacts\scalers\outer_03\inner_02_scaler.npz
inner_training,3,2,5,F3-C3,474715904,0.0015584608378729783,59.42494863217001,59.42494863217001,artifacts\scalers\outer_03\inner_02_scaler.npz
inner_training,3,2,6,C3-P3,474715904,0.0001934390224647093,49.84411098188463,49.84411098188463,artifacts\scalers\outer_03\inner_02_scaler.npz
inner_training,3,2,7,P3-O1,474715904,-0.0038596493471469086,52.75736742048573,52.75736742048573,artifacts\scalers\outer_03\inner_02_scaler.npz
inner_training,3,2,8,FZ-CZ,474715904,0.0020964362255689924,53.76478998962025,53.76478998962025,artifacts\scalers\outer_03\inner_02_scaler.npz
inner_training,3,2,9,CZ-PZ,474715904,-0.0003147716750850123,48.86718746910887,48.86718746910887,artifacts\scalers\outer_03\inner_02_scaler.npz
inner_training,3,2,10,FP2-F4,474715904,0.0014553533481088308,70.8082079236523,70.8082079236523,artifacts\scalers\outer_03\inner_02_scaler.npz
inner_training,3,2,11,F4-C4,474715904,-0.0004337976015058462,46.960968290121905,46.960968290121905,artifacts\scalers\outer_03\inner_02_scaler.npz
inner_training,3,2,12,C4-P4,474715904,0.0015136816096181422,46.429630954229545,46.429630954229545,artifacts\scalers\outer_03\inner_02_scaler.npz
inner_training,3,2,13,P4-O2,474715904,-0.0021055879779307805,48.76458378257492,48.76458378257492,artifacts\scalers\outer_03\inner_02_scaler.npz
inner_training,3,2,14,FP2-F8,474715904,0.0009211610544267749,67.56632830362443,67.56632830362443,artifacts\scalers\outer_03\inner_02_scaler.npz
inner_training,3,2,15,F8-T8,474715904,0.000330615557507686,50.58848742994517,50.58848742994517,artifacts\scalers\outer_03\inner_02_scaler.npz
inner_training,3,2,16,P8-O2,474715904,-0.0003273715529825362,46.37787508072617,46.37787508072617,artifacts\scalers\outer_03\inner_02_scaler.npz
inner_training,3,3,0,FP1-F7,458606080,0.0023044673777142277,64.66833740625114,64.66833740625114,artifacts\scalers\outer_03\inner_03_scaler.npz
inner_training,3,3,1,F7-T7,458606080,0.000280508186101081,58.4296847194799,58.4296847194799,artifacts\scalers\outer_03\inner_03_scaler.npz
inner_training,3,3,2,T7-P7,458606080,-0.0019061172245100901,51.91967656021713,51.91967656021713,artifacts\scalers\outer_03\inner_03_scaler.npz
inner_training,3,3,3,P7-O1,458606080,-0.0006585421113624361,47.03419899137136,47.03419899137136,artifacts\scalers\outer_03\inner_03_scaler.npz
inner_training,3,3,4,FP1-F3,458606080,0.00123001001564455,72.84658690703188,72.84658690703188,artifacts\scalers\outer_03\inner_03_scaler.npz
inner_training,3,3,5,F3-C3,458606080,0.001865488053549352,56.768660069152084,56.768660069152084,artifacts\scalers\outer_03\inner_03_scaler.npz
inner_training,3,3,6,C3-P3,458606080,-0.0008014814633130641,50.88525101477101,50.88525101477101,artifacts\scalers\outer_03\inner_03_scaler.npz
inner_training,3,3,7,P3-O1,458606080,-0.0022908802313114833,52.03771852040656,52.03771852040656,artifacts\scalers\outer_03\inner_03_scaler.npz
inner_training,3,3,8,FZ-CZ,458606080,0.0023257641593613324,56.416680444125745,56.416680444125745,artifacts\scalers\outer_03\inner_03_scaler.npz
inner_training,3,3,9,CZ-PZ,458606080,-0.0005120512474287575,52.704196883131736,52.704196883131736,artifacts\scalers\outer_03\inner_03_scaler.npz
inner_training,3,3,10,FP2-F4,458606080,0.0020868813997734484,71.7055970204037,71.7055970204037,artifacts\scalers\outer_03\inner_03_scaler.npz
inner_training,3,3,11,F4-C4,458606080,0.0004617212666314208,52.85928998497306,52.85928998497306,artifacts\scalers\outer_03\inner_03_scaler.npz
inner_training,3,3,12,C4-P4,458606080,0.0004364791514697555,53.39217978342914,53.39217978342914,artifacts\scalers\outer_03\inner_03_scaler.npz
inner_training,3,3,13,P4-O2,458606080,-0.0025880140936517674,51.60218104744833,51.60218104744833,artifacts\scalers\outer_03\inner_03_scaler.npz
inner_training,3,3,14,FP2-F8,458606080,0.0005281693970284768,69.89020379083038,69.89020379083038,artifacts\scalers\outer_03\inner_03_scaler.npz
inner_training,3,3,15,F8-T8,458606080,0.000853520693870272,52.374641285833846,52.374641285833846,artifacts\scalers\outer_03\inner_03_scaler.npz
inner_training,3,3,16,P8-O2,458606080,-0.0007476282450563565,48.30950538910973,48.30950538910973,artifacts\scalers\outer_03\inner_03_scaler.npz
inner_training,4,0,0,FP1-F7,534995712,0.0010186093335956454,73.61434302615139,73.61434302615139,artifacts\scalers\outer_04\inner_00_scaler.npz
inner_training,4,0,1,F7-T7,534995712,0.0015269840976771282,64.66048294730334,64.66048294730334,artifacts\scalers\outer_04\inner_00_scaler.npz
inner_training,4,0,2,T7-P7,534995712,-0.001975187014102243,55.85198921641033,55.85198921641033,artifacts\scalers\outer_04\inner_00_scaler.npz
inner_training,4,0,3,P7-O1,534995712,-0.001207927503961801,55.44738980968478,55.44738980968478,artifacts\scalers\outer_04\inner_00_scaler.npz
inner_training,4,0,4,FP1-F3,534995712,0.0003774056132277615,75.76735493663567,75.76735493663567,artifacts\scalers\outer_04\inner_00_scaler.npz
inner_training,4,0,5,F3-C3,534995712,0.0009239876712657999,59.54873705269609,59.54873705269609,artifacts\scalers\outer_04\inner_00_scaler.npz
inner_training,4,0,6,C3-P3,534995712,0.0005671673468630749,49.10484608050682,49.10484608050682,artifacts\scalers\outer_04\inner_00_scaler.npz
inner_training,4,0,7,P3-O1,534995712,-0.0025049652096906867,55.155541396898485,55.155541396898485,artifacts\scalers\outer_04\inner_00_scaler.npz
inner_training,4,0,8,FZ-CZ,534995712,0.0007451042395795689,53.84489229122055,53.84489229122055,artifacts\scalers\outer_04\inner_00_scaler.npz
inner_training,4,0,9,CZ-PZ,534995712,0.00035835692103947044,48.29811971214444,48.29811971214444,artifacts\scalers\outer_04\inner_00_scaler.npz
inner_training,4,0,10,FP2-F4,534995712,-0.00015233379764695784,77.4448836944794,77.4448836944794,artifacts\scalers\outer_04\inner_00_scaler.npz
inner_training,4,0,11,F4-C4,534995712,0.00012775796370536807,50.08258452443619,50.08258452443619,artifacts\scalers\outer_04\inner_00_scaler.npz
inner_training,4,0,12,C4-P4,534995712,-0.00016251566349336793,56.287644754153945,56.287644754153945,artifacts\scalers\outer_04\inner_00_scaler.npz
inner_training,4,0,13,P4-O2,534995712,-0.001144607363143394,58.61985188719655,58.61985188719655,artifacts\scalers\outer_04\inner_00_scaler.npz
inner_training,4,0,14,FP2-F8,534995712,-0.0005868237039084908,74.13022450210664,74.13022450210664,artifacts\scalers\outer_04\inner_00_scaler.npz
inner_training,4,0,15,F8-T8,534995712,0.0002414374044520075,56.12392885922396,56.12392885922396,artifacts\scalers\outer_04\inner_00_scaler.npz
inner_training,4,0,16,P8-O2,534995712,-0.00043890094919859986,48.509510696536104,48.509510696536104,artifacts\scalers\outer_04\inner_00_scaler.npz
inner_training,4,1,0,FP1-F7,534482944,0.0017456017905837136,69.91902146632746,69.91902146632746,artifacts\scalers\outer_04\inner_01_scaler.npz
inner_training,4,1,1,F7-T7,534482944,0.0002719115683496727,57.488730072986804,57.488730072986804,artifacts\scalers\outer_04\inner_01_scaler.npz
inner_training,4,1,2,T7-P7,534482944,-0.0007903274793604378,49.6622871825483,49.6622871825483,artifacts\scalers\outer_04\inner_01_scaler.npz
inner_training,4,1,3,P7-O1,534482944,0.00030121430453507175,45.1412378797752,45.1412378797752,artifacts\scalers\outer_04\inner_01_scaler.npz
inner_training,4,1,4,FP1-F3,534482944,0.0012240818892155338,70.35946033525022,70.35946033525022,artifacts\scalers\outer_04\inner_01_scaler.npz
inner_training,4,1,5,F3-C3,534482944,0.0009199969716661433,51.06343447266275,51.06343447266275,artifacts\scalers\outer_04\inner_01_scaler.npz
inner_training,4,1,6,C3-P3,534482944,0.00038684540877913313,41.63897695805947,41.63897695805947,artifacts\scalers\outer_04\inner_01_scaler.npz
inner_training,4,1,7,P3-O1,534482944,-0.001011610180321099,45.56206154335936,45.56206154335936,artifacts\scalers\outer_04\inner_01_scaler.npz
inner_training,4,1,8,FZ-CZ,534482944,0.0008540818003927338,49.080480117717336,49.080480117717336,artifacts\scalers\outer_04\inner_01_scaler.npz
inner_training,4,1,9,CZ-PZ,534482944,-0.00019183104801679497,44.60128703202937,44.60128703202937,artifacts\scalers\outer_04\inner_01_scaler.npz
inner_training,4,1,10,FP2-F4,534482944,5.533929110152801e-05,73.30112590843406,73.30112590843406,artifacts\scalers\outer_04\inner_01_scaler.npz
inner_training,4,1,11,F4-C4,534482944,0.0006455724264886019,44.75533680265281,44.75533680265281,artifacts\scalers\outer_04\inner_01_scaler.npz
inner_training,4,1,12,C4-P4,534482944,0.0012981740968924969,48.85065307441002,48.85065307441002,artifacts\scalers\outer_04\inner_01_scaler.npz
inner_training,4,1,13,P4-O2,534482944,-0.0006716080925880145,52.749132018000694,52.749132018000694,artifacts\scalers\outer_04\inner_01_scaler.npz
inner_training,4,1,14,FP2-F8,534482944,0.0008262569094704648,70.6220834147088,70.6220834147088,artifacts\scalers\outer_04\inner_01_scaler.npz
inner_training,4,1,15,F8-T8,534482944,9.627363925077381e-05,49.62431499842934,49.62431499842934,artifacts\scalers\outer_04\inner_01_scaler.npz
inner_training,4,1,16,P8-O2,534482944,0.00012059069262083862,41.88132664125309,41.88132664125309,artifacts\scalers\outer_04\inner_01_scaler.npz
inner_training,4,2,0,FP1-F7,510074368,0.0014297534681497913,64.44798813754161,64.44798813754161,artifacts\scalers\outer_04\inner_02_scaler.npz
inner_training,4,2,1,F7-T7,510074368,0.000832127653156129,60.88792383172822,60.88792383172822,artifacts\scalers\outer_04\inner_02_scaler.npz
inner_training,4,2,2,T7-P7,510074368,-0.002030542424661125,52.222848905772324,52.222848905772324,artifacts\scalers\outer_04\inner_02_scaler.npz
inner_training,4,2,3,P7-O1,510074368,-0.001242882633780944,49.71797606400244,49.71797606400244,artifacts\scalers\outer_04\inner_02_scaler.npz
inner_training,4,2,4,FP1-F3,510074368,0.0009064315663991767,69.9689111371898,69.9689111371898,artifacts\scalers\outer_04\inner_02_scaler.npz
inner_training,4,2,5,F3-C3,510074368,0.0009576079291359289,58.343134246513465,58.343134246513465,artifacts\scalers\outer_04\inner_02_scaler.npz
inner_training,4,2,6,C3-P3,510074368,0.0002067589597984874,48.81826658645775,48.81826658645775,artifacts\scalers\outer_04\inner_02_scaler.npz
inner_training,4,2,7,P3-O1,510074368,-0.0030878536571659508,51.882654841518445,51.882654841518445,artifacts\scalers\outer_04\inner_02_scaler.npz
inner_training,4,2,8,FZ-CZ,510074368,0.001434056311084255,54.43714605622225,54.43714605622225,artifacts\scalers\outer_04\inner_02_scaler.npz
inner_training,4,2,9,CZ-PZ,510074368,-0.00018788974647246837,48.854087762519924,48.854087762519924,artifacts\scalers\outer_04\inner_02_scaler.npz
inner_training,4,2,10,FP2-F4,510074368,0.000925985049462815,68.21385907014823,68.21385907014823,artifacts\scalers\outer_04\inner_02_scaler.npz
inner_training,4,2,11,F4-C4,510074368,-0.0007759482606042998,46.952976240361295,46.952976240361295,artifacts\scalers\outer_04\inner_02_scaler.npz
inner_training,4,2,12,C4-P4,510074368,0.0014471396425857967,45.2939577477479,45.2939577477479,artifacts\scalers\outer_04\inner_02_scaler.npz
inner_training,4,2,13,P4-O2,510074368,-0.0016796428218899587,47.963905883591686,47.963905883591686,artifacts\scalers\outer_04\inner_02_scaler.npz
inner_training,4,2,14,FP2-F8,510074368,0.0002092160409337818,64.56825559288785,64.56825559288785,artifacts\scalers\outer_04\inner_02_scaler.npz
inner_training,4,2,15,F8-T8,510074368,0.00024067779957231202,50.518105361128725,50.518105361128725,artifacts\scalers\outer_04\inner_02_scaler.npz
inner_training,4,2,16,P8-O2,510074368,-0.0003283097540542823,45.779161018670955,45.779161018670955,artifacts\scalers\outer_04\inner_02_scaler.npz
inner_training,4,3,0,FP1-F7,535553536,0.0020423664149249073,73.48539179355726,73.48539179355726,artifacts\scalers\outer_04\inner_03_scaler.npz
inner_training,4,3,1,F7-T7,535553536,0.0005069930064817938,60.330601326747065,60.330601326747065,artifacts\scalers\outer_04\inner_03_scaler.npz
inner_training,4,3,2,T7-P7,535553536,-0.002195875968994917,55.356358877794214,55.356358877794214,artifacts\scalers\outer_04\inner_03_scaler.npz
inner_training,4,3,3,P7-O1,535553536,0.0003961924144322295,49.636537512836945,49.636537512836945,artifacts\scalers\outer_04\inner_03_scaler.npz
inner_training,4,3,4,FP1-F3,535553536,0.001512248270120684,72.86258033237807,72.86258033237807,artifacts\scalers\outer_04\inner_03_scaler.npz
inner_training,4,3,5,F3-C3,535553536,0.000666366056026557,48.73722177458088,48.73722177458088,artifacts\scalers\outer_04\inner_03_scaler.npz
inner_training,4,3,6,C3-P3,535553536,-0.0001087227556495025,38.94830665910165,38.94830665910165,artifacts\scalers\outer_04\inner_03_scaler.npz
inner_training,4,3,7,P3-O1,535553536,-0.0013254464039921447,47.60771633776236,47.60771633776236,artifacts\scalers\outer_04\inner_03_scaler.npz
inner_training,4,3,8,FZ-CZ,535553536,0.0004746755570954425,46.342302975602045,46.342302975602045,artifacts\scalers\outer_04\inner_03_scaler.npz
inner_training,4,3,9,CZ-PZ,535553536,0.000546182317769554,41.80847187051212,41.80847187051212,artifacts\scalers\outer_04\inner_03_scaler.npz
inner_training,4,3,10,FP2-F4,535553536,0.0006276411425750827,73.07946927066094,73.07946927066094,artifacts\scalers\outer_04\inner_03_scaler.npz
inner_training,4,3,11,F4-C4,535553536,-0.001128340983082996,45.63762153964361,45.63762153964361,artifacts\scalers\outer_04\inner_03_scaler.npz
inner_training,4,3,12,C4-P4,535553536,0.0008829145888649429,52.54046869404592,52.54046869404592,artifacts\scalers\outer_04\inner_03_scaler.npz
inner_training,4,3,13,P4-O2,535553536,-0.0012945187472212705,54.47228855449214,54.47228855449214,artifacts\scalers\outer_04\inner_03_scaler.npz
inner_training,4,3,14,FP2-F8,535553536,0.0006469151409693014,72.11787454527557,72.11787454527557,artifacts\scalers\outer_04\inner_03_scaler.npz
inner_training,4,3,15,F8-T8,535553536,-0.0012712722859461885,53.036444720513124,53.036444720513124,artifacts\scalers\outer_04\inner_03_scaler.npz
inner_training,4,3,16,P8-O2,535553536,-0.0004962165303008364,44.77659002761136,44.77659002761136,artifacts\scalers\outer_04\inner_03_scaler.npz
